Frequency,Impedance,Phase,Real,Imaginary,Magnitude
10000,4493.180501,-21.71549786,-302,-1038,1081.04024
10170,4489.316065,-21.81888235,-300,-1046,1088.170942
10340,4489.630695,-22.20988684,-296,-1052,1092.849486
10510,4493.142513,-22.58318936,-292,-1044,1084.066419
10680,4468.419113,-23.15010128,-299,-1038,1080.205999
10850,4439.661538,-23.49475094,-310,-1038,1083.302359
11020,4436.737882,-23.73779107,-317,-1040,1087.239164
11190,4415.153421,-24.09546884,-323,-1044,1092.824323
11360,4404.402162,-24.19877835,-325,-1050,1099.147397
11530,4386.851619,-24.45438148,-326,-1050,1099.443496
11700,4361.482093,-24.81196917,-334,-1053,1104.701317
11870,4360.547874,-24.86442831,-336,-1055,1107.213168
12040,4346.969148,-25.33369556,-341,-1059,1112.547527
12210,4347.471205,-25.29877953,-343,-1054,1108.406514
12380,4323.212531,-25.86413856,-346,-1061,1115.991487
12550,4303.644735,-26.06888703,-354,-1062,1119.446292
12720,4276.441833,-26.27254231,-359,-1068,1126.723125
12890,4259.595943,-26.10928031,-361,-1078,1136.839918
13060,4274.244491,-26.50835201,-362,-1077,1136.209928
13230,4272.977508,-26.67172151,-361,-1081,1139.685044
13400,4275.064314,-27.54789548,-370,-1076,1137.838301
13570,4227.179664,-27.74872534,-372,-1078,1140.380638
13740,4204.964652,-27.93002261,-379,-1083,1147.401412
13910,4196.503637,-28.11226689,-387,-1086,1152.894184
14080,4189.300332,-28.27553518,-383,-1095,1160.049137
14250,4178.435359,-28.66229695,-385,-1096,1161.654424
14420,4169.520462,-29.03397199,-387,-1095,1161.375908
14590,4146.557296,-29.30571206,-392,-1095,1163.05159
14760,4147.17839,-29.43482811,-395,-1095,1164.066149
14930,4098.013014,-29.73502956,-401,-1103,1173.631118
15100,4094.792042,-29.88351723,-406,-1106,1178.164674
15270,4096.778194,-30.14451185,-406,-1105,1177.225977
15440,4075.837049,-30.49092747,-411,-1109,1182.709601
15610,4039.9045,-30.54725458,-416,-1114,1189.139184
15780,4040.952037,-30.68016945,-421,-1117,1193.704318
15950,4034.955317,-30.98705334,-424,-1120,1197.570875
16120,4027.335057,-31.26208481,-427,-1122,1200.50531
16290,4015.494058,-31.63360231,-430,-1123,1202.509459
16460,3994.035169,-31.77016189,-435,-1128,1208.970223
16630,3978.280901,-31.93578874,-438,-1128,1210.052891
16800,3964.457308,-32.20582189,-443,-1134,1217.458418
16970,3968.730415,-32.22179035,-443,-1140,1223.049059
17140,3956.940235,-32.69168504,-447,-1141,1225.434617
17310,3937.129785,-32.63200404,-446,-1144,1227.864813
17480,3917.672236,-33.00174217,-456,-1145,1232.461358
17650,3907.781467,-33.31309318,-457,-1145,1232.8317
17820,3899.00444,-33.42027963,-463,-1151,1240.632903
17990,3888.498859,-33.33419134,-460,-1158,1246.019261
18160,3889.960631,-33.79131396,-463,-1161,1249.915997
18330,3881.790834,-33.9538851,-463,-1165,1253.632322
18500,3848.545133,-34.41722396,-467,-1162,1252.331027
18670,3841.765526,-34.29956781,-469,-1161,1252.150949
18840,3820.820239,-34.74550019,-477,-1163,1257.019491
19010,3792.685275,-35.03801453,-485,-1167,1263.769758
19180,3787.94044,-35.15330463,-487,-1173,1270.07795
19350,3782.726198,-35.09917582,-487,-1178,1274.697219
19520,3774.777651,-35.6029023,-493,-1180,1278.846746
19690,3780.003009,-35.95682882,-499,-1179,1280.250757
19860,3738.591171,-35.81674513,-498,-1186,1286.312559
20030,3786.849816,-36.69642074,-495,-1179,1278.696993
20200,3720.286148,-36.25846528,-505,-1193,1295.48215
20370,3702.420061,-36.40453581,-507,-1195,1298.104002
20540,3677.670046,-36.72294426,-516,-1201,1307.156073
20710,3684.850707,-36.76264029,-515,-1204,1309.519377
20880,3680.756033,-36.95936276,-517,-1209,1314.903038
21050,3660.886733,-37.23535329,-518,-1212,1318.054627
21220,3651.599312,-37.2633082,-521,-1214,1321.074184
21390,3644.959677,-37.27798924,-522,-1218,1325.14452
21560,3626.660141,-37.75478367,-529,-1219,1328.834828
21730,3615.506844,-37.83034974,-532,-1224,1334.61605
21900,3609.964651,-38.18314258,-536,-1226,1338.047832
22070,3590.575231,-38.19475653,-535,-1234,1344.983643
22240,3585.777544,-38.44855893,-539,-1235,1347.496197
22410,3569.86227,-39.13242959,-547,-1236,1351.630497
22580,3561.28324,-38.77265021,-546,-1238,1353.055801
22750,3551.111729,-39.00021997,-549,-1244,1359.756228
22920,3545.978446,-39.2475783,-551,-1245,1361.479342
23090,3538.478455,-39.37666742,-551,-1246,1362.393849
23260,3509.353715,-39.77490454,-559,-1255,1373.86535
23430,3503.376037,-39.53933236,-561,-1258,1377.419689
23600,3494.00483,-39.64945963,-562,-1259,1378.740367
23770,3489.500066,-39.96987291,-563,-1265,1384.627748
23940,3475.813002,-39.71436895,-566,-1269,1389.502429
24110,3463.871443,-40.28363458,-571,-1272,1394.28297
24280,3436.626839,-40.71470645,-576,-1276,1399.982857
24450,3443.658675,-40.59055875,-576,-1277,1400.894357
24620,3444.216339,-40.68933768,-580,-1278,1403.45431
24790,3419.43318,-40.86678502,-582,-1285,1410.655521
24960,3408.472396,-41.06456593,-585,-1290,1416.448022
25130,3401.655702,-41.38915728,-587,-1293,1420.006338
25300,3390.93704,-41.38974036,-589,-1295,1422.654561
25470,3373.98602,-41.42982229,-593,-1299,1427.95308
25640,3358.952927,-41.50407135,-594,-1307,1435.647937
25810,3361.549909,-41.62829092,-596,-1311,1440.117009
25980,3351.002598,-41.91450841,-599,-1315,1445.000346
26150,3343.902487,-42.13975892,-597,-1315,1444.172427
26320,3330.134121,-42.43931911,-600,-1317,1447.23495
26490,3320.876552,-42.50646425,-601,-1322,1452.200055
26660,3304.480241,-42.80838963,-609,-1321,1454.620913
26830,3292.350867,-42.79291815,-612,-1325,1459.509849
27000,3274.479052,-42.90736023,-618,-1331,1467.475724
27170,3276.87482,-42.95359382,-614,-1338,1472.154883
27340,3271.108983,-42.96749924,-621,-1335,1472.367481
27510,3260.195594,-43.40335437,-620,-1343,1479.20553
27680,3243.349543,-43.47644998,-625,-1347,1484.935689
27850,3232.717714,-43.5216533,-627,-1352,1490.313054
28020,3235.236008,-43.8215875,-628,-1353,1491.641043
28190,3214.573528,-43.77600086,-631,-1360,1499.253481
28360,3196.612909,-43.88949257,-634,-1363,1503.238171
28530,3186.486435,-44.02540525,-637,-1368,1509.03711
28700,3178.62298,-44.27338161,-640,-1373,1514.836295
28870,3171.332683,-44.48206971,-642,-1376,1518.400474
29040,3176.612162,-44.39822772,-640,-1378,1519.369606
29210,3160.680448,-44.65699614,-645,-1382,1525.106226
29380,3141.571737,-44.84555617,-649,-1386,1530.423798
29550,3147.02162,-45.06268986,-652,-1389,1534.413569
29720,3134.386137,-45.31467403,-654,-1394,1539.789596
29890,3120.184455,-45.2342013,-655,-1399,1544.741402
30060,3114.409549,-45.3230172,-655,-1404,1549.271119
30230,3100.567924,-45.59914842,-659,-1406,1552.777189
30400,3101.454314,-45.59966411,-660,-1409,1555.918057
30570,3090.152516,-45.6767201,-662,-1411,1558.577877
30740,3071.785358,-45.81718461,-666,-1419,1567.519378
30910,3063.262211,-46.00209312,-669,-1422,1571.51042
31080,3058.282495,-46.04415678,-670,-1425,1574.650755
31250,3049.20985,-46.09550863,-671,-1431,1580.506881
31420,3036.173124,-46.28604889,-674,-1435,1585.402473
31590,3028.118708,-46.4779697,-676,-1439,1589.873265
31760,3017.280858,-46.59915727,-678,-1444,1595.249197
31930,3017.162731,-46.80732153,-681,-1444,1596.526542
32100,3004.603923,-46.72046934,-684,-1451,1604.137463
32270,2997.484213,-46.79994901,-683,-1456,1608.236612
32440,2992.651773,-46.99153166,-688,-1462,1615.793304
32610,2979.667354,-47.1076446,-688,-1466,1619.413474
32780,2968.985015,-47.25599119,-686,-1471,1623.094883
32950,2957.806023,-47.35324943,-691,-1473,1627.024892
33120,2954.185776,-47.55499803,-696,-1476,1631.867642
33290,2943.660661,-47.46276805,-696,-1480,1635.486472
33460,2939.852703,-47.63401994,-698,-1486,1641.76734
33630,2928.926279,-47.7091927,-699,-1492,1647.624047
33800,2911.550559,-47.92625501,-698,-1500,1654.449757
33970,2917.572284,-48.091868,-700,-1501,1656.200773
34140,2915.494881,-48.16561532,-699,-1505,1659.405315
34310,2896.108175,-48.5418392,-706,-1506,1663.271475
34480,2882.481038,-48.58412487,-709,-1509,1667.261827
34650,2873.310074,-48.74291726,-713,-1512,1671.679694
34820,2865.557317,-48.57705556,-713,-1518,1677.108524
34990,2863.155428,-48.88456089,-716,-1522,1682.004756
35160,2857.065126,-48.96875227,-715,-1527,1686.106165
35330,2846.32216,-48.91160391,-716,-1531,1690.152952
35500,2836.675691,-49.07436051,-718,-1537,1696.43538
35670,2833.336132,-49.12298417,-723,-1543,1703.98885
35840,2827.7051,-49.27853789,-720,-1546,1705.437187
36010,2828.432038,-49.48742622,-722,-1547,1707.188625
36180,2807.602079,-49.50035997,-725,-1556,1716.613235
36350,2802.347385,-49.69565713,-728,-1558,1719.694159
36520,2786.006503,-49.8132268,-730,-1561,1723.258831
36690,2777.974491,-49.86337722,-730,-1569,1730.508885
36860,2775.419361,-49.9403286,-733,-1572,1734.495027
37030,2771.346837,-50.04161422,-732,-1576,1737.699629
37200,2767.463511,-50.06547091,-739,-1580,1744.282374
37370,2748.211451,-50.16280283,-735,-1587,1748.940822
37540,2745.170324,-50.36165788,-739,-1589,1752.438872
37710,2749.027974,-50.1614424,-738,-1594,1756.553444
37880,2733.864539,-50.45511643,-740,-1600,1762.83862
38050,2714.684149,-50.59945677,-741,-1605,1767.796934
38220,2716.104184,-50.72304916,-742,-1608,1770.939863
38390,2707.567373,-50.8897922,-745,-1610,1774.013811
38560,2694.712525,-50.96263088,-748,-1617,1781.626504
38730,2693.583623,-51.0185685,-749,-1621,1785.676902
38900,2682.885938,-50.96440117,-749,-1627,1791.125345
39070,2681.444485,-51.11852337,-752,-1634,1798.738447
39240,2669.629732,-51.20013261,-753,-1634,1799.156747
39410,2661.773903,-51.41809425,-755,-1638,1803.626624
39580,2657.055053,-51.46963054,-754,-1642,1806.84255
39750,2647.94879,-51.51856771,-758,-1647,1813.056259
39920,2645.863532,-51.63691093,-757,-1650,1815.364702
40090,2640.074342,-51.62225935,-763,-1660,1826.956212
40260,2623.027211,-51.66356658,-762,-1667,1832.902889
40430,2630.981836,-51.85945566,-761,-1668,1833.39712
40600,2620.25576,-51.97041931,-762,-1674,1839.271595
40770,2609.624322,-52.01835127,-765,-1679,1845.06531
40940,2600.66726,-52.24981712,-766,-1680,1846.389991
41110,2593.515292,-52.20037238,-767,-1688,1854.085489
41280,2594.567969,-52.31920531,-767,-1693,1858.638749
41450,2577.614585,-52.50334593,-769,-1700,1865.840561
41620,2583.333055,-52.49690145,-767,-1706,1870.487904
41790,2573.940026,-52.64946091,-767,-1707,1871.400011
41960,2572.342165,-53.10568541,-769,-1705,1870.397284
42130,2572.372271,-53.19918654,-771,-1708,1873.954375
42300,2549.5696,-52.96484017,-774,-1719,1885.215372
42470,2535.556753,-52.84358954,-777,-1727,1893.741799
42640,2533.508195,-53.05948887,-779,-1729,1896.386564
42810,2526.455472,-53.11845306,-779,-1735,1901.858565
42980,2526.996088,-53.11710203,-778,-1739,1905.099735
43150,2516.843555,-53.35361486,-780,-1744,1910.480568
43320,2516.955572,-53.41905027,-780,-1749,1915.045952
43490,2507.710132,-53.46852061,-780,-1754,1919.613503
43660,2508.087821,-53.63981684,-782,-1759,1924.994805
43830,2503.859849,-53.56438178,-781,-1763,1928.245316
44000,2488.04628,-53.95703715,-782,-1767,1932.307688
44170,2481.440924,-53.85728827,-785,-1771,1937.179909
44340,2469.548207,-53.89980438,-784,-1777,1942.262856
44510,2465.341304,-54.00944603,-788,-1783,1949.367333
44680,2462.886274,-54.14557353,-789,-1785,1951.600881
44850,2457.677927,-54.0713016,-790,-1791,1957.49355
45020,2443.120233,-54.25330591,-789,-1801,1966.245661
45190,2440.56129,-54.30747467,-792,-1805,1971.113645
45360,2435.724242,-54.36958209,-791,-1807,1972.544043
45530,2434.628095,-54.47791725,-790,-1813,1977.642283
45700,2427.272783,-54.58354421,-790,-1818,1982.22703
45870,2413.126535,-54.65999996,-792,-1824,1988.527093
46040,2408.032746,-54.7794346,-790,-1826,1989.566787
46210,2405.127793,-54.85913778,-794,-1830,1994.827311
46380,2398.224995,-54.90050782,-793,-1834,1998.100348
46550,2398.781435,-54.92114291,-795,-1842,2006.237523
46720,2387.444546,-54.96611167,-798,-1846,2011.099202
46890,2383.144026,-55.20535229,-796,-1851,2014.898757
47060,2380.198842,-55.35837206,-803,-1857,2023.18017
47230,2370.386713,-55.29319134,-799,-1862,2026.189774
47400,2360.103127,-55.23348687,-800,-1868,2032.098423
47570,2356.358661,-55.4720754,-799,-1871,2034.463566
47740,2355.992461,-55.37543328,-800,-1878,2041.294687
47910,2351.802171,-55.43595788,-801,-1884,2047.207122
48080,2341.81761,-55.55845273,-799,-1889,2051.029498
48250,2338.199459,-55.64758974,-799,-1893,2054.714092
48420,2331.363366,-55.72719925,-801,-1898,2060.098299
48590,2322.818037,-55.87863549,-803,-1904,2066.403881
48760,2324.44672,-55.83728462,-801,-1911,2072.081562
48930,2323.504954,-56.10272068,-803,-1911,2072.855518
49100,2309.241887,-56.11561506,-803,-1919,2080.23316
49270,2299.211486,-56.0709385,-805,-1928,2089.308259
49440,2301.174804,-56.71169691,-809,-1927,2089.930621
49610,2294.429626,-56.27236258,-805,-1934,2094.846295
49780,2287.898414,-56.32445119,-803,-1940,2099.621156
49950,2285.963186,-56.42864828,-806,-1942,2102.617416
50120,2275.122296,-56.51921308,-805,-1950,2109.626744
50290,2273.481408,-56.36535196,-804,-1956,2114.793607
50460,2264.08958,-56.58802735,-807,-1961,2120.558889
50630,2258.985367,-56.47661216,-805,-1967,2125.350324
50800,2255.127074,-56.59691878,-805,-1973,2130.904503
50970,2241.521464,-56.78949182,-806,-1978,2135.911983
51140,2242.004025,-56.89792656,-809,-1981,2139.82289
51310,2239.278341,-56.84698905,-807,-1986,2143.698906
51480,2232.691229,-56.99189402,-807,-1993,2150.185573
51650,2231.729146,-56.98189731,-807,-1994,2151.112503
51820,2233.542423,-57.06769028,-807,-2003,2159.457802
51990,2217.574564,-56.99401628,-807,-2011,2166.880246
52160,2214.045291,-57.34129042,-808,-2012,2168.180804
52330,2205.95205,-57.34602635,-808,-2020,2175.606582
52500,2196.382303,-57.43104334,-810,-2022,2178.206602
52670,2192.809821,-57.62103617,-810,-2031,2186.563742
52840,2193.505604,-57.45489499,-807,-2032,2186.383544
53010,2188.597583,-57.5336028,-806,-2040,2193.452986
53180,2183.427202,-57.69962236,-807,-2049,2202.19209
53350,2186.095222,-57.74140769,-807,-2051,2204.053085
53520,2176.45626,-57.89253037,-807,-2055,2207.775804
53690,2172.119915,-57.8803543,-805,-2060,2211.701833
53860,2165.28851,-58.00681089,-805,-2063,2214.496331
54030,2153.713714,-58.05138901,-807,-2071,2222.676315
54200,2150.751682,-58.10988159,-809,-2075,2227.129543
54370,2151.635359,-58.07797952,-809,-2081,2232.720762
54540,2143.929749,-58.14701468,-808,-2089,2239.818073
54710,2138.492272,-58.15153877,-807,-2095,2245.055456
54880,2131.351402,-58.36912815,-806,-2100,2249.363466
55050,2124.559677,-58.5841959,-808,-2104,2253.814544
55220,2125.099186,-58.50774436,-809,-2107,2256.973637
55390,2116.671154,-58.4479456,-808,-2115,2264.086792
55560,2111.378171,-58.39972659,-807,-2123,2271.206287
55730,2105.173743,-58.45772432,-805,-2130,2277.043039
55900,2108.446994,-58.60334672,-805,-2136,2282.656566
56070,2102.31093,-58.7162045,-803,-2141,2286.632896
56240,2105.325644,-58.67765765,-802,-2145,2290.028166
56410,2094.366412,-58.95177452,-803,-2147,2292.251731
56580,2082.467433,-58.93282836,-804,-2155,2300.095868
56750,2081.757665,-58.99761913,-803,-2161,2305.369818
56920,2078.529221,-59.09092819,-802,-2168,2311.585603
57090,2070.736666,-59.06787385,-800,-2174,2316.522394
57260,2070.640782,-59.04319719,-802,-2179,2321.905467
57430,2066.958898,-59.2081763,-801,-2181,2323.43754
57600,2058.92519,-59.27041428,-799,-2187,2328.383559
57770,2056.361831,-59.33542785,-800,-2193,2334.362654
57940,2054.648371,-59.46960181,-800,-2198,2339.060495
58110,2046.40723,-59.43428649,-801,-2204,2345.040938
58280,2047.751234,-58.90994226,-792,-2214,2351.39533
58450,2029.565902,-59.63353849,-798,-2215,2354.363821
58620,2031.512332,-59.66898742,-797,-2220,2358.730379
58790,2029.665427,-59.68862109,-796,-2226,2364.041455
58960,2031.289378,-59.73991965,-797,-2229,2367.202991
59130,2016.008348,-59.77628967,-795,-2237,2374.066975
59300,2014.773305,-59.88881423,-794,-2242,2378.44487
59470,2007.291051,-59.77769485,-796,-2251,2387.59649
59640,2006.363901,-59.86779674,-794,-2256,2391.646295
59810,2006.700748,-59.7975342,-792,-2260,2394.757608
59980,2002.543085,-59.68400502,-787,-2265,2397.831103
60150,1998.330189,-60.10105628,-789,-2272,2405.09979
60320,1992.953011,-60.0851828,-793,-2274,2408.303345
60490,1987.478376,-60.08822576,-785,-2283,2414.190133
60660,1982.259478,-60.16166357,-790,-2288,2420.546219
60830,1979.394405,-60.26177221,-787,-2294,2425.243287
61000,1973.393279,-60.37932218,-785,-2300,2430.272618
61170,1970.158686,-60.32368885,-785,-2308,2437.845155
61340,1968.23849,-60.60387652,-781,-2309,2437.507333
61510,1964.009993,-60.67284879,-782,-2314,2442.564226
61680,1952.884988,-60.75858303,-781,-2321,2448.877702
61850,1955.410001,-60.61272623,-783,-2325,2453.306748
62020,1947.439901,-60.84610767,-776,-2335,2460.569243
62190,1947.937177,-60.83911588,-780,-2337,2463.730708
62360,1940.70849,-60.79866243,-779,-2345,2471.005059
62530,1936.110746,-60.82105781,-776,-2350,2474.808275
62700,1936.637641,-61.05213675,-778,-2354,2479.233753
62870,1924.167727,-60.97442661,-772,-2363,2485.910899
63040,1921.483304,-60.99673983,-774,-2366,2489.38386
63210,1921.711271,-61.13365185,-771,-2374,2496.060296
63380,1918.643468,-61.04271916,-772,-2378,2500.173594
63550,1912.559473,-60.9906209,-770,-2385,2506.217269
63720,1904.491956,-61.16303385,-770,-2390,2510.975906
63890,1904.725275,-61.20828738,-768,-2396,2516.07631
64060,1898.176717,-61.39574411,-768,-2399,2518.933306
64230,1892.128622,-61.37504824,-766,-2408,2526.899286
64400,1892.408479,-61.47549741,-764,-2412,2530.106717
64570,1890.179659,-61.41298551,-761,-2418,2534.925048
64740,1884.192005,-61.60461893,-762,-2424,2540.948642
64910,1888.246746,-61.65211212,-762,-2430,2546.673124
65080,1880.606126,-61.66448015,-755,-2437,2551.273016
65250,1871.854242,-61.59446398,-757,-2441,2555.685818
65420,1875.180923,-61.67451332,-754,-2445,2558.620918
65590,1866.086774,-61.95290294,-754,-2454,2567.222624
65760,1857.553415,-61.84771489,-752,-2457,2569.504427
65930,1854.994149,-61.82990049,-751,-2463,2574.950485
66100,1854.968961,-61.86308152,-751,-2471,2582.603725
66270,1848.806039,-61.91551658,-751,-2476,2587.388065
66440,1843.561916,-61.98305298,-750,-2482,2592.840913
66610,1845.060845,-62.12179436,-743,-2490,2598.489754
66780,1843.213298,-62.02663962,-742,-2495,2602.996158
66950,1841.308386,-62.22016434,-745,-2501,2609.602652
67120,1832.216812,-62.21305416,-740,-2506,2612.97455
67290,1830.005461,-62.31546551,-738,-2510,2616.246166
67460,1824.709509,-62.40617228,-738,-2516,2622.003051
67630,1822.421138,-62.28440436,-736,-2522,2627.20003
67800,1818.697199,-62.00724577,-734,-2526,2630.481325
67970,1816.787594,-62.40719992,-735,-2533,2637.482512
68140,1812.139124,-62.38099552,-732,-2541,2644.33451
68310,1806.690377,-62.48070425,-730,-2546,2648.587548
68480,1804.576983,-62.52925461,-728,-2552,2653.806323
68650,1801.945403,-62.52205559,-725,-2557,2657.794951
68820,1797.233563,-62.87460402,-724,-2559,2659.446747
68990,1795.137489,-62.81249337,-722,-2569,2668.528621
69160,1794.995688,-62.63406021,-719,-2574,2672.533816
69330,1786.58846,-62.84734802,-717,-2582,2679.703902
69500,1779.966615,-62.98871282,-716,-2591,2688.110303
69670,1778.658093,-62.84305311,-715,-2591,2687.844118
69840,1781.534753,-62.80995197,-711,-2596,2691.604912
70010,1771.097847,-62.98270814,-713,-2604,2699.84907
70180,1764.835597,-63.05574347,-710,-2611,2705.812447
70350,1744.974449,-63.07376797,-696,-2616,2707.004248
70520,1764.507892,-63.20465076,-708,-2621,2714.941068
70690,1759.872072,-63.05268123,-708,-2626,2719.768372
70860,1749.119603,-63.08628751,-705,-2634,2726.716157
71030,1751.897386,-63.20309083,-699,-2636,2727.104142
71200,1744.324502,-63.31944479,-701,-2646,2737.282777
71370,1744.339094,-63.35030005,-696,-2652,2741.809621
71540,1738.436616,-63.44409084,-695,-2656,2745.425468
71710,1744.299725,-63.27020649,-691,-2662,2750.222718
71880,1737.09562,-63.49715865,-689,-2669,2756.498141
72050,1731.382429,-63.51633253,-687,-2675,2761.809914
72220,1723.038255,-63.5817453,-683,-2682,2767.600585
72390,1723.019149,-63.57501933,-684,-2686,2771.723651
72560,1723.365045,-63.59652274,-681,-2693,2777.770689
72730,1724.75923,-63.16817621,-672,-2692,2774.60772
72900,1720.149565,-63.75758953,-673,-2704,2786.493316
73070,1712.672027,-63.69623549,-673,-2710,2792.316064
73240,1709.345912,-63.72221432,-669,-2715,2796.20922
73410,1707.374898,-63.81582593,-669,-2721,2802.035332
73580,1700.61769,-63.92486289,-665,-2728,2807.883367
73750,1698.926035,-63.77923977,-664,-2735,2814.448614
73920,1699.304064,-64.07623007,-661,-2739,2817.630565
74090,1695.917158,-64.12366585,-658,-2744,2821.790212
74260,1689.584744,-64.00380682,-656,-2753,2830.078621
74430,1685.110159,-64.09850902,-653,-2758,2834.249989
74600,1682.426374,-64.20009176,-651,-2764,2839.629729
74770,1673.958645,-64.04499608,-652,-2769,2844.725822
74940,1674.184225,-63.95623975,-645,-2775,2848.973499
75110,1673.995962,-64.17330095,-645,-2781,2854.818033
75280,1663.033269,-64.23399137,-644,-2788,2861.412239
75450,1670.414066,-64.21264878,-639,-2792,2864.190112
75620,1664.775962,-64.36129398,-635,-2800,2871.101705
75790,1662.800817,-64.42785239,-635,-2804,2875.002783
75960,1659.997024,-64.54365694,-631,-2809,2879.000174
76130,1653.718294,-64.38093743,-628,-2816,2885.175905
76300,1647.88359,-64.68778864,-625,-2823,2891.358504
76470,1650.57581,-64.57423546,-624,-2829,2897.001381
76640,1650.638373,-64.64821399,-621,-2835,2902.217428
76810,1642.968964,-64.56743975,-617,-2841,2907.227201
76980,1640.93497,-64.62882362,-614,-2844,2909.52436
77150,1636.970104,-64.66059224,-613,-2852,2917.134382
77320,1634.793575,-64.72734745,-609,-2858,2922.164438
77490,1632.469332,-64.57458035,-605,-2865,2928.18203
77660,1625.714296,-64.88525734,-601,-2870,2932.251865
77830,1624.243045,-64.94818998,-598,-2879,2940.449796
78000,1620.244447,-64.94845105,-598,-2882,2943.387164
78170,1624.63753,-64.87836681,-596,-2890,2950.816158
78340,1613.260298,-64.91557556,-592,-2895,2954.909305
78510,1613.373632,-64.92498566,-587,-2899,2957.831976
78680,1610.457522,-65.04706063,-586,-2906,2964.495235
78850,1605.551587,-65.02184851,-585,-2911,2969.199555
79020,1609.956089,-64.98315762,-579,-2916,2972.927345
79190,1599.719656,-64.98606663,-577,-2925,2981.367807
79360,1601.828774,-65.10078906,-574,-2930,2985.695229
79530,1596.41953,-65.25174293,-571,-2936,2991.009361
79700,1597.27895,-65.12421732,-567,-2937,2991.230182
79870,1592.591534,-65.19551742,-564,-2948,3001.466308
80040,1587.353647,-65.48783603,-564,-2954,3007.359639
80210,1583.210534,-65.40956128,-557,-2957,3009.002825
80380,1586.068513,-65.44231607,-554,-2967,3018.278483
80550,1571.55806,-65.02204676,-545,-2974,3023.524599
80720,1570.533757,-65.51779031,-550,-2979,3029.346629
80890,1574.03825,-65.58274672,-544,-2982,3031.214278
81060,1572.007694,-65.55614166,-542,-2989,3037.743406
81230,1568.297803,-65.52974579,-539,-2995,3043.114523
81400,1564.693727,-65.54690527,-534,-3002,3049.124464
81570,1559.984039,-65.52744488,-533,-3007,3053.872623
81740,1558.117481,-65.74328732,-528,-3015,3060.883696
81910,1559.490682,-65.76415625,-526,-3018,3063.494736
82080,1546.01078,-65.50771337,-525,-3029,3074.161024
82250,1556.464871,-65.69877827,-518,-3029,3072.973316
82420,1550.957946,-65.8542515,-515,-3036,3079.370228
82590,1547.494268,-65.71959304,-509,-3044,3086.262627
82760,1544.851723,-66.0733716,-507,-3047,3088.892682
82930,1538.165544,-65.84641082,-507,-3056,3097.770973
83100,1539.585032,-66.04563785,-500,-3058,3098.606784
83270,1535.269257,-66.27221063,-496,-3064,3103.886596
83440,1529.09685,-66.12393804,-497,-3070,3109.969292
83610,1528.378477,-66.05719272,-491,-3078,3116.915944
83780,1526.333028,-66.03239642,-486,-3084,3122.058936
83950,1525.026104,-66.1481024,-484,-3089,3126.687864
84120,1525.174822,-66.03153508,-478,-3097,3133.670851
84290,1523.270124,-66.13753001,-474,-3099,3135.040191
84460,1516.644532,-66.28487401,-472,-3106,3141.658798
84630,1514.091214,-66.27669533,-468,-3113,3147.98237
84800,1513.363761,-66.3034815,-464,-3119,3153.324753
84970,1497.625039,-66.48223022,-467,-3127,3161.679617
85140,1511.012964,-66.43175707,-456,-3134,3167.000474
85310,1500.969809,-66.31115381,-453,-3138,3170.52882
85480,1498.547373,-66.45294594,-451,-3141,3173.213198
85650,1497.071059,-66.29696734,-449,-3148,3179.859274
85820,1493.59758,-66.3423293,-442,-3154,3184.820246
85990,1492.624947,-66.50456388,-438,-3160,3190.210651
86160,1491.860084,-66.70513411,-433,-3164,3193.491036
86330,1489.332812,-66.52165449,-428,-3169,3197.771881
86500,1479.946266,-66.7837388,-428,-3176,3204.709035
86670,1479.756981,-66.5851141,-425,-3185,3213.230462
86840,1477.976365,-66.5301087,-418,-3191,3218.261176
87010,1478.055592,-66.54916284,-415,-3200,3226.797948
87180,1474.012271,-66.54443209,-411,-3203,3229.261525
87350,1477.039152,-66.89784413,-405,-3209,3234.456059
87520,1472.066544,-66.79245401,-400,-3213,3237.803113
87690,1470.154834,-66.88277346,-398,-3217,3241.526338
87860,1461.639311,-66.94377022,-397,-3225,3249.343626
88030,1465.113118,-66.93112993,-390,-3230,3253.459697
88200,1465.04416,-66.94523095,-385,-3235,3257.829032
88370,1461.184862,-67.0471742,-381,-3242,3264.3108
88540,1460.141459,-66.89582004,-379,-3248,3270.037462
88710,1456.230384,-67.07409039,-373,-3252,3273.321402
88880,1454.42872,-66.94888724,-365,-3260,3280.369644
89050,1452.403071,-67.10990612,-367,-3264,3284.567704
89220,1445.132906,-66.97828332,-359,-3269,3288.653524
89390,1442.967244,-67.28979336,-356,-3278,3297.274632
89560,1442.376881,-67.16418668,-354,-3286,3305.013162
89730,1443.724554,-67.19124886,-348,-3291,3309.348123
89900,1436.114218,-67.38351807,-343,-3296,3313.799179
90070,1429.426795,-67.33220636,-336,-3298,3315.071643
90240,1428.692343,-67.35863104,-335,-3306,3322.929581
90410,1427.092884,-67.44145206,-331,-3313,3329.493956
90580,1423.895075,-67.30172762,-325,-3318,3333.878972
90750,1422.652985,-67.21266065,-322,-3326,3341.550538
90920,1424.379598,-67.11126989,-313,-3329,3343.682102
91090,1423.341513,-67.45067277,-310,-3339,3353.359659
91260,1419.949962,-67.23308665,-304,-3343,3356.793857
91430,1416.421338,-67.44917034,-303,-3348,3361.683061
91600,1418.343318,-67.55140202,-298,-3350,3363.228211
91770,1407.22681,-67.42222287,-293,-3358,3370.75852
91940,1408.090386,-67.61754007,-289,-3364,3376.391121
92110,1407.764967,-67.61621824,-283,-3370,3381.861765
92280,1404.262788,-67.62616932,-281,-3377,3388.670831
92450,1405.414881,-67.70873929,-275,-3381,3392.165385
92620,1400.822999,-67.84343264,-266,-3388,3398.426106
92790,1398.93497,-68.02791211,-266,-3391,3401.416911
92960,1394.449931,-67.8669616,-260,-3396,3405.938344
93130,1383.832267,-67.71407117,-255,-3408,3417.526737
93300,1391.628971,-67.90376187,-252,-3410,3419.298759
93470,1388.428424,-67.93886833,-248,-3415,3423.993137
93640,1383.641493,-68.03161996,-241,-3421,3429.478386
93810,1383.289254,-67.93027533,-237,-3427,3435.185293
93980,1381.611761,-67.88126406,-231,-3430,3437.769771
94150,1377.031215,-68.05471675,-226,-3442,3449.411544
94320,1375.033192,-67.96009467,-222,-3444,3451.147635
94490,1370.79013,-68.11287352,-217,-3452,3458.813814
94660,1371.52027,-68.0935403,-213,-3457,3463.555687
94830,1370.203742,-68.01342857,-207,-3464,3470.17939
95000,1370.479231,-68.11728547,-199,-3469,3474.703153
95170,1367.797077,-68.14028325,-194,-3473,3478.41415
95340,1369.228903,-68.40068278,-194,-3478,3483.406379
95510,1363.346158,-68.22826661,-185,-3482,3486.911097
95680,1363.01353,-68.34071953,-181,-3490,3494.690401
95850,1355.902226,-68.23249331,-176,-3497,3501.426138
96020,1355.493578,-68.29031337,-170,-3502,3506.123786
96190,1353.217691,-68.25297724,-168,-3508,3512.020501
96360,1350.754356,-68.38051357,-161,-3512,3515.688411
96530,1353.985217,-68.53713674,-160,-3519,3522.635519
96700,1346.465199,-68.34408858,-151,-3524,3527.233619
96870,1346.844758,-68.30809606,-146,-3530,3533.017973
