Frequency,Impedance,Phase,Real,Imaginary,Magnitude,,,,,,Gain Factor,2.05E-08
1000,4997.713569,5.07E-02,-16919,-11023,20193.04559,20193.04559,2.42E+03,resistance,capacitance,,,
1190,4997.801803,3.43E-02,-9323,-16855,19261.6031,19261.6031,2.54E+03,5.00E+03,-1.61316E-09,,,
1380,5000.04734,3.39E-03,-2642,-16496,16706.23177,16706.23177,2.93E+03,5.00E+03,-9.19212E-10,,,
1570,4999.981622,4.27E-03,661,-13389,13405.30649,13405.30649,3.65E+03,5.00E+03,-7.81247E-11,,,
1760,5000.533384,-1.04E-02,696,-10565,10587.90069,10587.90069,4.62E+03,5.00E+03,-8.65668E-11,,,
1950,5000,0,-491,-9752,9764.352769,9764.352769,5.01E+03,5.00E+03,1.88875E-10,,,
2140,4999.027686,1.06E-03,-967,-10193,10238.76643,10238.76643,4.77E+03,5.00E+03,0,,,
2330,4999.613513,1.65E-02,-626,-10603,10621.46341,10621.46341,4.60E+03,5.00E+03,-1.57315E-11,,,
2520,5000.482996,1.09E-02,-65,-10482,10482.20153,10482.20153,4.66E+03,5.00E+03,-2.25108E-10,,,
2710,4999.008678,-5.85E-03,119,-10026,10026.70619,10026.70619,4.88E+03,5.00E+03,-1.37652E-10,,,
2900,5000.515366,5.81E-03,-81,-9782,9782.335355,9782.335355,5.00E+03,5.00E+03,6.87472E-11,,,
3090,4999.97733,-1.16E-02,-222,-9871,9873.496088,9873.496088,4.95E+03,5.00E+03,-6.37523E-11,,,
3280,4999.992542,-5.72E-03,-150,-10010,10011.12381,10011.12381,4.88E+03,5.00E+03,1.19547E-10,,,
3470,5000.494908,1.15E-02,43,-10018,10018.09228,10018.09228,4.88E+03,5.00E+03,5.55454E-11,,,
3660,4999.004442,-1.18E-02,149,-9890,9891.122333,9891.122333,4.94E+03,5.00E+03,-1.05148E-10,,,
3850,5000.510664,6.40E-05,107,-9790,9790.584712,9790.584712,4.99E+03,5.00E+03,1.02321E-10,,,
4040,4998.985367,-5.91E-03,64,-9823,9823.208488,9823.208488,4.98E+03,5.00E+03,-5.28776E-13,,,
4230,4999.510328,-1.74E-02,103,-9886,9886.536552,9886.536552,4.94E+03,5.00E+03,4.65808E-11,,,
4420,5001.020135,-5.54E-03,207,-9901,9903.163636,9903.163636,4.94E+03,5.00E+03,1.31322E-10,,,
4610,4999.985227,5.82E-03,287,-9843,9847.183252,9847.183252,4.96E+03,5.00E+03,3.99056E-11,,,
4800,5000.510262,1.66E-04,278,-9791,9794.945891,9794.945891,4.99E+03,5.00E+03,-4.01659E-11,,,
4990,4999.490475,-1.57E-04,263,-9806,9809.526237,9809.526237,4.98E+03,5.00E+03,-1.10094E-12,,,
5180,4999.492538,-1.75E-04,297,-9844,9848.479324,9848.479324,4.96E+03,5.00E+03,9.99315E-13,,,
5370,4999.624614,-4.08E-02,361,-9859,9865.607026,9865.607026,4.95E+03,5.00E+03,1.07853E-12,,,
5560,5001.037518,-5.31E-03,426,-9829,9838.22733,9838.22733,4.97E+03,5.00E+03,2.42088E-10,,,
5750,5001.482858,1.25E-02,447,-9788,9798.201519,9798.201519,4.99E+03,5.00E+03,3.04155E-11,,,
5940,4999.536228,-1.19E-02,440,-9790,9799.882652,9799.882652,4.99E+03,5.00E+03,-6.90756E-11,,,
6130,5000.5082,2.73E-04,461,-9817,9827.818171,9827.818171,4.97E+03,5.00E+03,6.40267E-11,,,
6320,5000.454172,1.19E-02,515,-9831,9844.479976,9844.479976,4.97E+03,5.00E+03,-1.42001E-12,,,
6510,5002.060192,-4.46E-03,572,-9816,9832.651728,9832.651728,4.97E+03,5.00E+03,-6.00786E-11,,,
6700,5003.274852,-3.87E-02,598,-9781,9799.263493,9799.263493,4.99E+03,5.00E+03,2.17998E-11,,,
6890,5000.541312,-5.48E-03,608,-9774,9792.89232,9792.89232,4.99E+03,5.01E+03,1.83662E-10,,,
7080,4999.686421,-3.54E-02,623,-9783,9802.81684,9802.81684,4.99E+03,5.00E+03,2.52986E-11,,,
7270,4998.983308,-7.79E-04,655,-9792,9813.882463,9813.882463,4.98E+03,5.00E+03,1.59035E-10,,,
7460,5000.436456,1.21E-02,693,-9787,9811.50437,9811.50437,4.98E+03,5.00E+03,3.41418E-12,,,
7650,4999.96245,5.83E-03,722,-9775,9801.627875,9801.627875,4.99E+03,5.00E+03,-5.14692E-11,,,
7840,5000.509038,4.40E-04,736,-9767,9794.691675,9794.691675,4.99E+03,5.00E+03,-2.42615E-11,,,
8030,5000,0,756,-9773,9802.196948,9802.196948,4.99E+03,5.00E+03,-1.78462E-12,,,
8220,4998.435212,4.41E-03,789,-9780,9811.77461,9811.77461,4.98E+03,5.00E+03,0,,,
8410,5000,0,825,-9776,9810.749258,9810.749258,4.98E+03,5.00E+03,-1.70983E-11,,,
8600,4999.536017,-6.33E-03,851,-9762,9799.022655,9799.022655,4.99E+03,5.00E+03,0,,,
8790,4999.617781,-8.26E-02,863,-9761,9799.075977,9799.075977,4.99E+03,5.00E+03,2.3448E-11,,,
8980,4999.445886,5.29E-03,888,-9763,9803.301128,9803.301128,4.99E+03,5.02E+03,2.98773E-10,,,
9170,5000,0,917,-9767,9809.953007,9809.953007,4.98E+03,5.00E+03,-1.87627E-11,,,
9360,5001.113892,-1.05E-02,949,-9759,9805.033503,9805.033503,4.99E+03,5.00E+03,0,,,
9550,5000.051024,-5.82E-03,980,-9753,9802.112476,9802.112476,4.99E+03,5.00E+03,3.57014E-11,,,
9740,5002.135264,-9.25E-03,997,-9744,9794.873404,9794.873404,4.99E+03,5.00E+03,1.93883E-11,,,
9930,4999.249749,-3.03E-02,1014,-9748,9800.596921,9800.596921,4.99E+03,5.00E+03,3.0231E-11,,,
10120,4997.91856,3.33E-03,1042,-9754,9809.499478,9809.499478,4.98E+03,5.00E+03,9.71079E-11,,,
10310,4997.807271,1.48E-02,1078,-9757,9816.370663,9816.370663,4.98E+03,5.00E+03,-1.04723E-11,,,
10500,4999.551198,-0.006467781,1111,-9743,9806.139403,9806.139403,4.98E+03,5.00E+03,-4.58655E-11,,,
10690,5000.388901,1.23E-02,1134,-9731,9796.852403,9796.852403,4.99E+03,5.00E+03,1.96125E-11,,,
10880,4999.37302,1.09E-02,1152,-9726,9793.986931,9793.986931,4.99E+03,5.00E+03,-3.66107E-11,,,
11070,4999.249892,2.25E-02,1170,-9727,9797.113299,9797.113299,4.99E+03,5.00E+03,-3.19932E-11,,,
11260,5000.568596,-5.09E-03,1191,-9725,9797.65819,9797.65819,4.99E+03,5.00E+03,-6.48012E-11,,,
11450,4998.860129,1.01E-02,1223,-9722,9798.623016,9798.623016,4.99E+03,5.00E+03,1.43987E-11,,,
11640,5000.064852,-5.80E-03,1244,-9716,9795.314798,9795.314798,4.99E+03,5.00E+03,-2.82168E-11,,,
11830,5000.373975,1.24E-02,1269,-9714,9796.538011,9796.538011,4.99E+03,5.00E+03,1.58686E-11,,,
12020,5000.505939,7.71E-04,1291,-9711,9796.43823,9796.43823,4.99E+03,5.00E+03,-3.32473E-11,,,
12210,4999.057359,-7.37E-03,1317,-9710,9798.907541,9798.907541,4.99E+03,5.00E+03,-2.04104E-12,,,
12400,4999.843627,-2.98E-02,1338,-9704,9795.808287,9795.808287,4.99E+03,5.00E+03,1.92132E-11,,,
12590,5001.082173,-4.17E-03,1360,-9698,9792.895588,9792.895588,4.99E+03,5.00E+03,7.64276E-11,,,
12780,5001.587949,-3.31E-03,1383,-9698,9796.11622,9796.11622,4.99E+03,5.00E+03,1.05378E-11,,,
12970,5001.2297,-1.57E-02,1407,-9699,9800.522945,9800.522945,4.99E+03,5.00E+03,8.2481E-12,,,
13160,5000.934606,7.49E-03,1435,-9696,9801.614204,9801.614204,4.99E+03,5.00E+03,3.84645E-11,,,
13350,4999.923872,5.78E-03,1463,-9691,9800.80864,9800.80864,4.99E+03,5.00E+03,-1.81232E-11,,,
13540,5000.777043,1.91E-02,1486,-9682,9795.372377,9795.372377,4.99E+03,5.00E+03,-1.37857E-11,,,
13730,4999.652471,-0.012459085,1504,-9679,9795.154772,9795.154772,4.99E+03,5.00E+03,-4.49394E-11,,,
13920,4996.788306,-0.029478142,1520,-9679,9797.624253,9797.624253,4.99E+03,5.00E+03,2.88913E-11,,,
14110,5000.647273,-4.62E-02,1550,-9676,9799.361,9799.361,4.99E+03,5.00E+03,6.74542E-11,,,
14300,4999.414179,4.83E-03,1582,-9672,9800.525904,9800.525904,4.99E+03,5.01E+03,1.04148E-10,,,
14490,5000.419613,6.73E-03,1609,-9665,9798.015411,9798.015411,4.99E+03,5.00E+03,-1.07465E-11,,,
14680,5000.503403,9.72E-04,1628,-9658,9794.250763,9794.250763,4.99E+03,5.00E+03,-1.47813E-11,,,
14870,5000.503287,9.85E-04,1649,-9653,9792.834625,9792.834625,4.99E+03,5.00E+03,-2.1084E-12,,,
15060,5001.925048,9.76E-03,1672,-9650,9793.777821,9793.777821,4.99E+03,5.00E+03,-2.10892E-12,,,
15250,5004.050249,-2.75E-02,1691,-9645,9792.114481,9792.114481,4.99E+03,5.00E+03,-2.06152E-11,,,
15440,5001.005219,0.002052016,1718,-9642,9793.859709,9793.859709,4.99E+03,5.01E+03,5.73249E-11,,,
15630,5000.502424,1.04E-03,1739,-9638,9793.628796,9793.628796,4.99E+03,5.00E+03,-4.23037E-12,,,
15820,4998.40206,2.60E-03,1762,-9637,9796.755228,9796.755228,4.99E+03,5.00E+03,-2.11554E-12,,,
16010,4999.405114,4.68E-03,1786,-9632,9796.183951,9796.183951,4.99E+03,5.00E+03,-5.23058E-12,,,
16200,5001.693786,-8.25E-03,1810,-9626,9794.691215,9794.691215,4.99E+03,5.00E+03,-9.3175E-12,,,
16390,4998.997502,-2.19E-03,1833,-9626,9798.967548,9798.967548,4.99E+03,5.00E+03,1.62118E-11,,,
16580,5001.195927,-9.28E-03,1852,-9616,9792.719745,9792.719745,4.99E+03,5.00E+03,4.2509E-12,,,
16770,5000,0,1876,-9612,9793.361017,9793.361017,4.99E+03,5.00E+03,1.78059E-11,,,
16960,4999.900979,5.74E-03,1901,-9610,9796.218709,9796.218709,4.99E+03,5.00E+03,0,,,
17150,4999.399323,4.59E-03,1925,-9606,9796.982239,9796.982239,4.99E+03,5.00E+03,-1.07709E-11,,,
17340,5000.202921,-1.15E-02,1946,-9600,9795.249665,9795.249665,4.99E+03,5.00E+03,-8.51386E-12,,,
17530,4999.294564,1.03E-02,1971,-9594,9794.369658,9794.369658,4.99E+03,5.00E+03,2.1049E-11,,,
17720,5000.49995,1.19E-03,1990,-9588,9792.335983,9792.335983,4.99E+03,5.00E+03,-1.86807E-11,,,
17910,4999.605404,-6.93E-03,2013,-9587,9796.057268,9796.057268,4.99E+03,5.00E+03,-2.13592E-12,,,
18100,4999.139484,-3.80E-02,2035,-9584,9797.66712,9797.66712,4.99E+03,5.00E+03,1.23134E-11,,,
18290,5000.498895,1.23E-03,2067,-9576,9796.543523,9796.543523,4.99E+03,5.00E+03,6.67874E-11,,,
18480,5001.387334,9.46E-03,2091,-9568,9793.819735,9793.819735,4.99E+03,5.00E+03,-2.14758E-12,,,
18670,4998.504338,-0.003788524,2113,-9562,9792.681604,9792.681604,4.99E+03,5.00E+03,-1.62923E-11,,,
18860,4999.390278,4.44E-03,2131,-9554,9788.773008,9788.773008,4.99E+03,5.00E+03,6.46229E-12,,,
19050,4998.554722,2.03E-02,2153,-9551,9790.659324,9790.659324,4.99E+03,5.00E+03,-7.49446E-12,,,
19240,4999.004291,-2.60E-03,2172,-9549,9792.90483,9792.90483,4.99E+03,5.00E+03,-3.38791E-11,,,
19430,4998.27846,7.47E-03,2195,-9544,9793.158888,9793.158888,4.99E+03,5.00E+03,4.29624E-12,,,
19620,5000.381574,7.02E-03,2220,-9538,9792.948688,9792.948688,4.99E+03,5.00E+03,-1.22474E-11,,,
19810,5000.877478,8.38E-03,2241,-9530,9789.94285,9789.94285,4.99E+03,5.00E+03,-1.1397E-11,,,
20000,5000,0,2262,-9525,9789.906486,9789.906486,4.99E+03,5.00E+03,-1.34571E-11,,,
20190,5002.741964,1.96E-02,2287,-9516,9786.96199,9786.96199,4.99E+03,5.00E+03,0,,,
20380,5000.872546,8.45E-03,2307,-9512,9787.767519,9787.767519,4.99E+03,5.00E+03,-3.08591E-11,,,
20570,4999.625521,-7.08E-03,2329,-9511,9792.005004,9792.005004,4.99E+03,5.00E+03,-1.31931E-11,,,
20760,5000.868678,8.49E-03,2353,-9505,9791.916768,9791.916768,4.99E+03,5.00E+03,1.09519E-11,,,
20950,5002.848625,1.42E-02,2378,-9497,9790.193716,9790.193716,4.99E+03,5.00E+03,-1.30185E-11,,,
21140,5000.865208,8.54E-03,2398,-9493,9791.192624,9791.192624,4.99E+03,5.00E+03,-2.15634E-11,,,
21330,5001.11603,-2.78E-03,2419,-9486,9789.573893,9789.573893,4.99E+03,5.00E+03,-1.28566E-11,,,
21520,4999.378141,4.21E-03,2442,-9482,9791.408887,9791.408887,4.99E+03,5.00E+03,4.1458E-12,,,
21710,5001.354473,1.01E-02,2465,-9473,9788.460247,9788.460247,4.99E+03,5.00E+03,-6.22589E-12,,,
21900,5001.716475,1.73E-02,2487,-9470,9791.121948,9791.121948,4.99E+03,5.00E+03,-1.47838E-11,,,
22090,5000.624502,-4.16E-03,2509,-9464,9790.933408,9790.933408,4.99E+03,5.00E+03,-2.50809E-11,,,
22280,4999.735795,1.13E-02,2534,-9458,9791.573929,9791.573929,4.99E+03,5.00E+03,5.98961E-12,,,
22470,5001.612449,-1.07E-03,2556,-9450,9789.567713,9789.567713,4.99E+03,5.00E+03,-1.61548E-11,,,
22660,4999.50722,-1.54E-03,2574,-9445,9789.458667,9789.458667,4.99E+03,5.00E+03,1.50852E-12,,,
22850,4998.744303,8.18E-03,2598,-9440,9790.975641,9790.975641,4.99E+03,5.00E+03,2.16258E-12,,,
23040,4999.945904,2.41E-02,2619,-9431,9787.89671,9787.89671,4.99E+03,5.00E+03,-1.1401E-11,,,
23230,5000,0,2640,-9424,9786.796003,9786.796003,4.99E+03,5.00E+03,-3.33372E-11,,,
23420,5000.491579,1.59E-03,2662,-9419,9787.941816,9787.941816,4.99E+03,5.00E+03,0,,,
23610,5003.71987,-3.29E-05,2681,-9411,9785.432131,9785.432131,5.00E+03,5.00E+03,-2.16375E-12,,,
23800,4999.71773,1.13E-02,2706,-9408,9789.427971,9789.427971,4.99E+03,5.00E+03,4.43114E-14,,,
23990,4997.611028,1.03E-02,2731,-9402,9790.605957,9790.605957,4.99E+03,5.00E+03,-1.50498E-11,,,
24180,4998.039415,-6.58E-03,2750,-9396,9790.164248,9790.164248,4.99E+03,5.00E+03,-1.37217E-11,,,
24370,4999.51003,-1.66E-03,2772,-9386,9786.775771,9786.775771,4.99E+03,5.00E+03,8.6646E-12,,,
24560,5000.145819,-5.61E-03,2793,-9380,9786.993869,9786.993869,4.99E+03,5.00E+03,2.1667E-12,,,
24750,4999.119711,-2.75E-02,2812,-9375,9787.64369,9787.64369,4.99E+03,5.00E+03,7.27282E-12,,,
24940,5000.192778,1.29E-02,2838,-9367,9787.488595,9787.488595,4.99E+03,5.00E+03,3.53488E-11,,,
25130,5000.339255,7.31E-03,2861,-9360,9787.487982,9787.487982,4.99E+03,5.00E+03,-1.64687E-11,,,
25320,5001.916775,-1.16E-02,2882,-9350,9784.090351,9784.090351,5.00E+03,5.00E+03,-9.25899E-12,,,
25510,4999.024295,-3.47E-03,2902,-9348,9788.09011,9788.09011,4.99E+03,5.00E+03,1.45915E-11,,,
25700,5000.975278,3.50E-03,2924,-9338,9785.091722,9785.091722,5.00E+03,5.00E+03,4.33356E-12,,,
25890,4999.871771,2.41E-02,2950,-9334,9789.078404,9789.078404,4.99E+03,5.00E+03,-4.3334E-12,,,
26080,5001.128273,-2.02E-03,2973,-9328,9790.317308,9790.317308,4.99E+03,5.00E+03,-2.96192E-11,,,
26270,4999.201064,9.35E-03,2997,-9319,9789.063796,9789.063796,4.99E+03,5.00E+03,2.46678E-12,,,
26460,4998.555664,1.31E-02,3016,-9310,9786.335167,9786.335167,4.99E+03,5.00E+03,-1.13373E-11,,,
26650,5000.633968,-2.23E-02,3031,-9300,9781.460065,9781.460065,5.00E+03,5.00E+03,-1.57713E-11,,,
26840,5001.949171,2.58E-02,3056,-9293,9782.585803,9782.585803,5.00E+03,5.00E+03,2.6604E-11,,,
27030,5002.748436,-1.91E-03,3074,-9283,9778.730235,9778.730235,5.00E+03,5.00E+03,-3.06231E-11,,,
27220,4999.353619,3.70E-03,3099,-9283,9786.617904,9786.617904,4.99E+03,5.00E+03,2.25306E-12,,,
27410,4999.515688,-1.87E-03,3119,-9275,9785.386349,9785.386349,5.00E+03,5.00E+03,-4.32795E-12,,,
27600,5000.484046,1.88E-03,3142,-9264,9782.323855,9782.323855,5.00E+03,5.00E+03,2.16815E-12,,,
27790,4999.834825,5.54E-03,3163,-9259,9784.357414,9784.357414,5.00E+03,5.00E+03,-2.16962E-12,,,
27980,5002.883726,3.00E-02,3187,-9249,9782.687259,9782.687259,5.00E+03,5.00E+03,-6.34881E-12,,,
28170,4995.116124,3.64E-02,3209,-9248,9788.93176,9788.93176,4.99E+03,5.01E+03,-3.4055E-11,,,
28360,4999.854323,-1.30E-02,3223,-9237,9783.143564,9783.143564,5.00E+03,5.00E+03,-4.1137E-11,,,
28550,5000.339533,-1.10E-02,3248,-9227,9781.974903,9781.974903,5.00E+03,5.00E+03,1.45816E-11,,,
28740,4999.689114,-7.48E-03,3269,-9221,9783.312425,9783.312425,5.00E+03,5.00E+03,1.23202E-11,,,
28930,4999.312345,2.21E-02,3293,-9213,9783.824303,9783.824303,5.00E+03,5.00E+03,8.2834E-12,,,
29120,4999.826945,5.51E-03,3313,-9205,9783.046254,9783.046254,5.00E+03,5.00E+03,-2.42792E-11,,,
29310,4997.861593,1.60E-02,3335,-9196,9782.057094,9782.057094,5.00E+03,5.00E+03,-6.02513E-12,,,
29500,5001.745469,1.35E-02,3355,-9188,9781.378686,9781.378686,5.00E+03,5.00E+03,-1.74311E-11,,,
29690,5000.60683,1.50E-02,3376,-9181,9782.031333,9782.031333,5.00E+03,5.00E+03,-1.46009E-11,,,
29880,4999.520702,-2.03E-03,3397,-9174,9782.734025,9782.734025,5.00E+03,5.00E+03,-1.61206E-11,,,
30070,5000.235963,-2.40E-02,3418,-9165,9781.612802,9781.612802,5.00E+03,5.00E+03,2.16737E-12,,,
30260,4993.380013,-9.74E-02,3444,-9170,9795.408925,9795.408925,4.99E+03,5.00E+03,2.54053E-11,,,
30450,4999.043754,-4.15E-03,3461,-9148,9780.81924,9780.81924,5.00E+03,5.02E+03,1.02429E-10,,,
30640,4999.044438,-4.17E-03,3481,-9139,9779.503157,9779.503157,5.00E+03,5.00E+03,4.33624E-12,,,
30830,4999.92831,1.85E-02,3502,-9130,9778.594173,9778.594173,5.00E+03,5.00E+03,4.33542E-12,,,
31020,5000.184128,-5.47E-03,3522,-9124,9780.17689,9780.17689,5.00E+03,5.00E+03,-1.91145E-11,,,
31210,5002.09122,3.03E-03,3545,-9115,9780.09458,9780.09458,5.00E+03,5.00E+03,5.60881E-12,,,
31400,4998.94459,-1.73E-02,3564,-9108,9780.478516,9780.478516,5.00E+03,5.00E+03,-3.09236E-12,,,
31590,5000.562659,-1.64E-02,3585,-9097,9777.915627,9777.915627,5.00E+03,5.00E+03,1.75624E-11,,,
31780,4999.147711,8.73E-03,3609,-9091,9781.163632,9781.163632,5.00E+03,5.00E+03,1.64784E-11,,,
31970,5000.095553,1.31E-02,3628,-9081,9778.903057,9778.903057,5.00E+03,5.00E+03,-8.74604E-12,,,
32160,5001.139599,-1.07E-03,3646,-9073,9778.171864,9778.171864,5.00E+03,5.00E+03,-1.30005E-11,,,
32350,4999.526144,-2.20E-03,3670,-9066,9780.657238,9780.657238,5.00E+03,5.00E+03,1.05606E-12,,,
32540,5000.105484,-1.85E-02,3688,-9053,9775.385056,9775.385056,5.00E+03,5.00E+03,2.16368E-12,,,
32730,5000.557927,1.53E-02,3713,-9046,9778.368218,9778.368218,5.00E+03,5.00E+03,1.80942E-11,,,
32920,4999.332287,3.18E-03,3734,-9039,9779.891462,9779.891462,5.00E+03,5.00E+03,-1.48699E-11,,,
33110,4999.68695,2.39E-02,3755,-9027,9776.847856,9776.847856,5.00E+03,5.00E+03,-3.07417E-12,,,
33300,4999.13356,8.55E-03,3774,-9020,9777.703002,9777.703002,5.00E+03,5.00E+03,-2.29763E-11,,,
33490,5001.413896,6.82E-03,3794,-9012,9778.066271,9778.066271,5.00E+03,5.00E+03,-8.17682E-12,,,
33680,5002.753562,6.46E-04,3816,-9001,9776.495129,9776.495129,5.00E+03,5.00E+03,-6.48042E-12,,,
33870,4999.931394,-1.31E-02,3840,-8995,9780.369369,9780.369369,5.00E+03,5.00E+03,-6.10178E-13,,,
34060,4998.990353,2.69E-02,3864,-8983,9778.792615,9778.792615,5.00E+03,5.00E+03,1.22909E-11,,,
34250,5000.406153,-0.010758966,3880,-8972,9775.028593,9775.028593,5.00E+03,5.00E+03,-2.51625E-11,,,
34440,5000.591128,2.85E-02,3901,-8963,9775.130178,9775.130178,5.00E+03,5.00E+03,9.99996E-12,,,
34630,5001.084148,-1.38E-02,3915,-8952,9770.646294,9770.646294,5.00E+03,5.00E+03,-2.635E-11,,,
34820,4999.063643,-4.72E-03,3938,-8946,9774.393076,9774.393076,5.00E+03,5.00E+03,1.26522E-11,,,
35010,4998.597184,-7.12E-03,3960,-8938,9775.962561,9775.962561,5.00E+03,5.00E+03,4.32029E-12,,,
35200,5000.675475,-2.97E-03,3978,-8928,9774.132596,9774.132596,5.00E+03,5.00E+03,6.48037E-12,,,
35390,5000.4668,2.40E-03,4000,-8917,9773.069579,9773.069579,5.00E+03,5.00E+03,2.68437E-12,,,
35580,4997.503926,6.37E-03,4025,-8909,9776.037336,9776.037336,5.00E+03,5.00E+03,-2.15819E-12,,,
35770,5001.397336,7.27E-03,4043,-8898,9773.446322,9773.446322,5.00E+03,5.00E+03,-5.70643E-12,,,
35960,5000.212626,-5.33E-03,4061,-8889,9772.719274,9772.719274,5.00E+03,5.00E+03,-6.47171E-12,,,
36150,5000.464843,2.45E-03,4082,-8880,9773.286244,9773.286244,5.00E+03,5.00E+03,4.72083E-12,,,
36340,4998.392272,-2.07E-03,4104,-8870,9773.418849,9773.418849,5.00E+03,5.00E+03,-2.15604E-12,,,
36530,4999.288186,-0.010264442,4123,-8860,9772.345113,9772.345113,5.00E+03,5.00E+03,1.80995E-12,,,
36720,5000.867704,-2.12E-02,4140,-8850,9770.470818,9770.470818,5.00E+03,5.00E+03,8.94689E-12,,,
36910,4998.829737,-1.28E-02,4165,-8842,9773.852311,9773.852311,5.00E+03,5.00E+03,1.84137E-11,,,
37100,5000.219023,-5.30E-03,4183,-8832,9772.497787,9772.497787,5.00E+03,5.00E+03,1.10434E-11,,,
37290,5000.682052,-2.77E-03,4205,-8821,9772.004196,9772.004196,5.00E+03,5.00E+03,4.54662E-12,,,
37480,4999.759813,-7.82E-03,4224,-8813,9772.980354,9772.980354,5.00E+03,5.00E+03,2.36397E-12,,,
37670,5001.366597,-5.47E-03,4243,-8800,9769.495842,9769.495842,5.00E+03,5.00E+03,6.64379E-12,,,
37860,4999.973098,-2.62E-02,4266,-8794,9774.108246,9774.108246,5.00E+03,5.00E+03,4.62151E-12,,,
38050,5000.23552,7.84E-03,4285,-8781,9770.731088,9770.731088,5.00E+03,5.00E+03,2.20412E-11,,,
38240,5001.59568,-1.06E-02,4305,-8769,9768.745365,9768.745365,5.00E+03,5.00E+03,-6.56059E-12,,,
38430,4999.08785,7.92E-03,4326,-8759,9769.050977,9769.050977,5.00E+03,5.00E+03,8.84043E-12,,,
38620,5000.22433,-1.84E-02,4342,-8750,9768.083947,9768.083947,5.00E+03,5.00E+03,-6.56363E-12,,,
38810,5001.602207,-1.05E-02,4362,-8738,9766.252505,9766.252505,5.01E+03,5.00E+03,1.51415E-11,,,
39000,4999.314991,-1.05E-02,4384,-8730,9768.948562,9768.948562,5.00E+03,5.00E+03,8.61308E-12,,,
39190,4997.711603,-1.06E-04,4405,-8722,9771.249101,9771.249101,5.00E+03,5.00E+03,8.57815E-12,,,
39380,4998.833227,3.93E-02,4429,-8708,9769.611302,9769.611302,5.00E+03,5.00E+03,8.58795E-14,,,
39570,4999.544199,-2.67E-03,4445,-8698,9767.969543,9767.969543,5.00E+03,5.00E+03,-3.1739E-11,,,
39760,4998.867893,-1.33E-02,4462,-8689,9767.710325,9767.710325,5.00E+03,5.00E+03,2.14798E-12,,,
39950,5000.454889,2.69E-03,4481,-8678,9766.629152,9766.629152,5.01E+03,5.00E+03,1.06196E-11,,,
40140,4998.637627,-8.11E-03,4504,-8670,9770.103172,9770.103172,5.00E+03,5.00E+03,-2.14459E-12,,,
40330,5000.474159,-1.04E-02,4524,-8658,9768.702063,9768.702063,5.00E+03,5.00E+03,6.43622E-12,,,
40520,4999.738673,1.83E-02,4546,-8646,9768.287056,9768.287056,5.00E+03,5.00E+03,8.2056E-12,,,
40710,4998.855797,-2.98E-04,4566,-8636,9768.769216,9768.769216,5.00E+03,5.00E+03,-1.43827E-11,,,
40900,5000,0,4585,-8623,9766.184209,9766.184209,5.01E+03,5.00E+03,2.32999E-13,,,
41090,5000,0,4602,-8614,9766.237761,9766.237761,5.01E+03,5.00E+03,0,,,
41280,5000.27573,-1.83E-02,4621,-8606,9768.156274,9768.156274,5.00E+03,5.00E+03,0,,,
41470,4999.586073,-1.59E-02,4643,-8595,9768.903419,9768.903419,5.00E+03,5.00E+03,1.40944E-11,,,
41660,5000.039168,-1.31E-02,4664,-8583,9768.35631,9768.35631,5.00E+03,5.00E+03,1.22049E-11,,,
41850,5000.736428,-0.015440796,4683,-8572,9767.787518,9767.787518,5.00E+03,5.00E+03,1.00168E-11,,,
42040,4999.955365,0.013108027,4706,-8558,9766.565415,9766.565415,5.01E+03,5.00E+03,1.17442E-11,,,
42230,5000.896822,5.68E-03,4720,-8543,9760.186935,9760.186935,5.01E+03,5.00E+03,-9.92655E-12,,,
42420,4999.55223,-2.85E-03,4739,-8535,9762.394481,9762.394481,5.01E+03,5.00E+03,-4.27889E-12,,,
42610,5002.591341,-1.70E-02,4757,-8520,9758.045347,9758.045347,5.01E+03,5.00E+03,2.13863E-12,,,
42800,4999.553411,-2.87E-03,4779,-8513,9762.684569,9762.684569,5.01E+03,5.00E+03,1.27227E-11,,,
42990,4999.554036,-2.88E-03,4799,-8503,9763.780518,9763.780518,5.01E+03,5.00E+03,2.1374E-12,,,
43180,5000.312605,-1.82E-02,4816,-8493,9763.447393,9763.447393,5.01E+03,5.00E+03,2.13638E-12,,,
43370,4999.746306,5.10E-03,4837,-8481,9763.397462,9763.397462,5.01E+03,5.00E+03,1.34233E-11,,,
43560,5001.01962,-0.020366105,4855,-8467,9760.180019,9760.180019,5.01E+03,5.00E+03,-3.74242E-12,,,
43750,5000.699683,-2.15E-03,4877,-8455,9760.745566,9760.745566,5.01E+03,5.00E+03,1.48811E-11,,,
43940,5000.141947,-2.62E-02,4895,-8443,9759.368525,9759.368525,5.01E+03,5.00E+03,1.56541E-12,,,
44130,5001.401331,-4.23E-03,4915,-8431,9759.046367,9759.046367,5.01E+03,5.00E+03,1.89839E-11,,,
44320,5001.402654,-4.19E-03,4932,-8417,9755.537556,9755.537556,5.01E+03,5.00E+03,3.05028E-12,,,
44510,4999.740027,5.06E-03,4952,-8409,9758.769646,9758.769646,5.01E+03,5.00E+03,3.01259E-12,,,
44700,4998.237,-1.20E-02,4972,-8401,9762.048197,9762.048197,5.01E+03,5.00E+03,-3.61905E-12,,,
44890,5000.083952,-1.31E-02,4992,-8387,9760.216852,9760.216852,5.01E+03,5.00E+03,8.52221E-12,,,
45080,4999.823413,-8.05E-03,5010,-8374,9758.277307,9758.277307,5.01E+03,5.00E+03,9.28406E-12,,,
45270,4998.5964,-3.02E-02,5026,-8366,9759.643026,9759.643026,5.01E+03,5.00E+03,5.6877E-12,,,
45460,5000.611679,1.11E-02,5051,-8353,9761.414344,9761.414344,5.01E+03,5.00E+03,2.12569E-11,,,
45650,5000.17171,8.07E-03,5069,-8338,9757.920117,9757.920117,5.01E+03,5.00E+03,-7.7696E-12,,,
45840,5001.141738,1.12E-03,5090,-8324,9756.898893,9756.898893,5.01E+03,5.00E+03,-5.62596E-12,,,
46030,5002.015102,7.29E-03,5107,-8312,9755.551906,9755.551906,5.01E+03,5.00E+03,-7.75472E-13,,,
46220,4999.768511,-0.02924832,5122,-8302,9754.900717,9754.900717,5.01E+03,5.00E+03,-5.04099E-12,,,
46410,5000.975928,-6.89E-03,5141,-8290,9754.690205,9754.690205,5.01E+03,5.00E+03,2.01447E-11,,,
46600,5000.491562,2.43E-02,5162,-8278,9755.589577,9755.589577,5.01E+03,5.00E+03,4.72314E-12,,,
46790,5000.97848,-6.84E-03,5178,-8268,9755.588552,9755.588552,5.01E+03,5.00E+03,-1.65788E-11,,,
46980,5000,0,5201,-8254,9755.968276,9755.968276,5.01E+03,5.00E+03,4.65075E-12,,,
47170,5000.158918,8.10E-03,5218,-8241,9754.055823,9754.055823,5.01E+03,5.00E+03,0,,,
47360,5003.302311,1.71E-02,5240,-8226,9753.187992,9753.187992,5.01E+03,5.00E+03,-5.47014E-12,,,
47550,5002.315292,2.39E-02,5256,-8215,9752.525878,9752.525878,5.01E+03,5.00E+03,-1.15053E-11,,,
47740,5000.431206,3.18E-03,5274,-8206,9754.666165,9754.666165,5.01E+03,5.00E+03,-1.60168E-11,,,
47930,5000.152455,8.12E-03,5293,-8193,9754.029834,9754.029834,5.01E+03,5.00E+03,-2.11744E-12,,,
48120,4999.313585,2.29E-02,5313,-8181,9754.831111,9754.831111,5.01E+03,5.00E+03,-5.39425E-12,,,
48310,4999.719861,4.92E-03,5330,-8168,9753.210958,9753.210958,5.01E+03,5.00E+03,-1.51557E-11,,,
48500,5000.147555,8.13E-03,5349,-8155,9752.734283,9752.734283,5.01E+03,5.00E+03,-3.24254E-12,,,
48690,5000.282135,-4.91E-03,5366,-8143,9752.046196,9752.046196,5.01E+03,5.00E+03,-5.3394E-12,,,
48880,4999.572659,-3.24E-03,5387,-8131,9753.611126,9753.611126,5.01E+03,5.00E+03,3.20743E-12,,,
49070,5000.710899,-1.63E-03,5404,-8118,9752.186422,9752.186422,5.01E+03,5.00E+03,2.11355E-12,,,
49260,4999.006751,-1.47E-02,5422,-8107,9753.026863,9753.026863,5.01E+03,5.00E+03,1.06052E-12,,,
49450,4998.151915,-8.37E-05,5443,-8095,9754.756481,9754.756481,5.01E+03,5.00E+03,9.49177E-12,,,
49640,5002.710443,-1.45E-02,5457,-8079,9749.312283,9749.312283,5.01E+03,5.00E+03,5.39252E-14,,,
49830,5000.712357,-1.56E-03,5477,-8066,9749.76333,9749.76333,5.01E+03,5.00E+03,9.27757E-12,,,
50020,5000.289157,-4.85E-03,5496,-8052,9748.883013,9748.883013,5.01E+03,5.00E+03,9.96744E-13,,,
50210,5000.132776,8.17E-03,5515,-8037,9747.235198,9747.235198,5.02E+03,5.00E+03,3.08925E-12,,,
50400,4996.59379,-5.48E-03,5531,-8031,9751.35488,9751.35488,5.01E+03,5.00E+03,-5.18176E-12,,,
50590,4998.864896,-1.86E-03,5550,-8017,9750.630185,9750.630185,5.01E+03,5.00E+03,3.4657E-12,,,
50780,5000.586284,-9.65E-03,5566,-7998,9744.144909,9744.144909,5.02E+03,5.00E+03,1.16976E-12,,,
50970,4997.479602,-2.02E-02,5590,-7991,9752.137253,9752.137253,5.01E+03,5.00E+03,6.05031E-12,,,
51160,4998.321233,-1.35E-02,5603,-7977,9748.135104,9748.135104,5.01E+03,5.00E+03,1.26332E-11,,,
51350,5000,0,5623,-7962,9747.388009,9747.388009,5.01E+03,5.00E+03,8.41473E-12,,,
51540,5000.539887,1.16E-02,5641,-7948,9746.362655,9746.362655,5.02E+03,5.00E+03,0,,,
51730,5000.178122,-1.30E-02,5660,-7937,9748.413666,9748.413666,5.01E+03,5.00E+03,-7.1631E-12,,,
51920,4999.34002,3.07E-02,5680,-7922,9747.845095,9747.845095,5.01E+03,5.00E+03,7.98962E-12,,,
52110,4998.384909,1.56E-02,5697,-7910,9748.020773,9748.020773,5.01E+03,5.00E+03,-1.88479E-11,,,
52300,5000.372321,-2.60E-02,5710,-7892,9741.035058,9741.035058,5.02E+03,5.00E+03,-9.56277E-12,,,
52490,4999.170025,-6.91E-03,5730,-7883,9745.490701,9745.490701,5.02E+03,5.00E+03,1.57971E-11,,,
52680,5000.828691,6.94E-03,5749,-7866,9742.94396,9742.94396,5.02E+03,5.00E+03,4.19465E-12,,,
52870,4999.889874,-8.22E-03,5765,-7858,9745.942181,9745.942181,5.02E+03,5.00E+03,-4.19279E-12,,,
53060,5001.544005,5.74E-03,5782,-7839,9740.710703,9740.710703,5.02E+03,5.00E+03,4.94863E-12,,,
53250,4999.388959,9.45E-03,5805,-7829,9746.34629,9746.34629,5.02E+03,5.00E+03,-3.44254E-12,,,
53440,5000.612902,-9.43E-03,5822,-7817,9746.854518,9746.854518,5.02E+03,5.00E+03,-5.64791E-12,,,
53630,4999.178675,-7.05E-03,5841,-7802,9746.20362,9746.20362,5.02E+03,5.00E+03,5.61586E-12,,,
53820,5001.644047,-1.53E-02,5853,-7787,9741.40534,9741.40534,5.02E+03,5.00E+03,4.18439E-12,,,
54010,5000.719075,-1.15E-03,5873,-7770,9739.868018,9739.868018,5.02E+03,5.00E+03,9.02818E-12,,,
54200,4999.901582,-8.24E-03,5889,-7757,9739.166802,9739.166802,5.02E+03,5.00E+03,6.75176E-13,,,
54390,4999.494972,-1.18E-02,5906,-7745,9739.910729,9739.910729,5.02E+03,5.00E+03,4.84205E-12,,,
54580,5000.285891,2.47E-02,5925,-7730,9739.534126,9739.534126,5.02E+03,5.00E+03,6.91521E-12,,,
54770,5002.38,-1.61E-02,5942,-7716,9738.789452,9738.789452,5.02E+03,5.00E+03,-1.44299E-11,,,
54960,4998.559864,2.10E-03,5963,-7703,9741.333482,9741.333482,5.02E+03,5.00E+03,9.36518E-12,,,
55150,5000.495539,0.011867464,5978,-7687,9737.887502,9737.887502,5.02E+03,5.00E+03,-1.21787E-12,,,
55340,5003.06195,1.25E-02,5990,-7671,9732.643063,9732.643063,5.02E+03,5.00E+03,-6.85001E-12,,,
55530,5000,0,6010,-7662,9737.881905,9737.881905,5.02E+03,5.00E+03,-7.15873E-12,,,
55720,5001.760114,-6.58E-03,6027,-7648,9737.383273,9737.383273,5.02E+03,5.00E+03,0,,,
55910,5000.637227,-9.22E-03,6047,-7638,9741.932714,9741.932714,5.02E+03,5.00E+03,3.75732E-12,,,
56100,5000.483829,1.19E-02,6065,-7622,9740.590793,9740.590793,5.02E+03,5.00E+03,5.2501E-12,,,
56290,5002.56642,9.13E-04,6081,-7604,9736.497163,9736.497163,5.02E+03,5.00E+03,-6.76765E-12,,,
56480,4998.79975,-1.11E-02,6102,-7592,9740.270427,9740.270427,5.02E+03,5.00E+03,-5.16326E-13,,,
56670,4998.478829,-6.51E-03,6116,-7577,9737.370538,9737.370538,5.02E+03,5.00E+03,6.23464E-12,,,
56860,4999.29994,-3.68E-02,6132,-7565,9738.102947,9738.102947,5.02E+03,5.00E+03,3.65877E-12,,,
57050,4999.926294,-8.28E-03,6151,-7550,9738.444486,9738.444486,5.02E+03,5.00E+03,2.06102E-11,,,
57240,5002.385294,2.24E-02,6166,-7530,9732.443475,9732.443475,5.02E+03,5.00E+03,4.61934E-12,,,
57430,5000.65252,-9.09E-03,6183,-7519,9734.72393,9734.72393,5.02E+03,5.00E+03,-1.24341E-11,,,
57620,5000.549049,6.63E-02,6207,-7500,9735.34021,9735.34021,5.02E+03,5.00E+03,5.03894E-12,,,
57810,5001.513712,6.75E-03,6219,-7488,9733.761092,9733.761092,5.02E+03,5.01E+03,-3.6593E-11,,,
58000,5000.132973,-2.94E-02,6232,-7474,9731.31543,9731.31543,5.02E+03,5.00E+03,-3.71739E-12,,,
58190,5001.117557,3.05E-03,6251,-7459,9731.992704,9731.992704,5.02E+03,5.00E+03,1.61348E-11,,,
58380,5000,0,6267,-7445,9731.562773,9731.562773,5.02E+03,5.00E+03,-1.66839E-12,,,
58570,4999.397184,1.73E-02,6287,-7432,9734.525823,9734.525823,5.02E+03,5.00E+03,0,,,
58760,5001.115867,3.14E-03,6301,-7415,9730.612828,9730.612828,5.02E+03,5.00E+03,-9.39595E-12,,,
58950,4999.39019,1.73E-02,6320,-7402,9733.036731,9733.036731,5.02E+03,5.00E+03,-1.69986E-12,,,
59140,5000.111089,0.016604282,6336,-7386,9731.284191,9731.284191,5.02E+03,5.00E+03,-9.31965E-12,,,
59330,5000.389324,3.84E-03,6351,-7371,9729.68869,9729.68869,5.02E+03,5.00E+03,-8.93802E-12,,,
59520,4999.611427,-3.85E-03,6367,-7357,9729.549733,9729.549733,5.02E+03,5.00E+03,-2.06232E-12,,,
59710,5001.449936,-1.16E-03,6385,-7342,9730.014851,9730.014851,5.02E+03,5.00E+03,2.06162E-12,,,
59900,4998.114523,-1.11E-02,6403,-7330,9732.795539,9732.795539,5.02E+03,5.00E+03,6.17264E-13,,,
60090,5001.497327,7.23E-03,6421,-7312,9731.114273,9731.114273,5.02E+03,5.00E+03,5.8816E-12,,,
60280,5000.770633,7.79E-03,6438,-7297,9731.086938,9731.086938,5.02E+03,5.00E+03,-3.82884E-12,,,
60470,5000.340881,-4.41E-03,6452,-7281,9728.374222,9728.374222,5.02E+03,5.00E+03,-4.1134E-12,,,
60660,5000.299517,-1.27E-02,6465,-7266,9725.78948,9725.78948,5.03E+03,5.00E+03,2.32041E-12,,,
60850,4999.012821,2.15E-02,6486,-7251,9728.576309,9728.576309,5.02E+03,5.00E+03,6.67415E-12,,,
61040,4998.587372,9.21E-03,6503,-7237,9729.500398,9729.500398,5.02E+03,5.00E+03,-1.12445E-11,,,
61230,4998.241343,1.35E-02,6523,-7222,9731.742547,9731.742547,5.02E+03,5.00E+03,-4.80364E-12,,,
61420,5001.523194,1.58E-02,6535,-7203,9725.709948,9725.709948,5.03E+03,5.00E+03,-7.03996E-12,,,
61610,5000.759911,7.94E-03,6552,-7188,9726.049969,9726.049969,5.03E+03,5.00E+03,-8.2021E-12,,,
61800,5000.726389,-3.67E-04,6567,-7173,9725.092185,9725.092185,5.03E+03,5.00E+03,-4.10013E-12,,,
61990,4999.651927,4.34E-03,6582,-7157,9723.444503,9723.444503,5.03E+03,5.00E+03,1.89071E-13,,,
62180,4996.137184,3.93E-02,6598,-7148,9727.667141,9727.667141,5.03E+03,5.00E+03,-2.22783E-12,,,
62370,4997.848172,9.27E-03,6615,-7132,9727.468787,9727.468787,5.03E+03,5.00E+03,-2.01405E-11,,,
62560,4999.974349,-8.33E-03,6628,-7114,9723.136325,9723.136325,5.03E+03,5.00E+03,-4.7324E-12,,,
62750,4999.273196,2.74E-04,6646,-7098,9723.729737,9723.729737,5.03E+03,5.00E+03,4.23833E-12,,,
62940,4997.160748,2.60E-02,6666,-7085,9727.938168,9727.938168,5.02E+03,5.00E+03,-1.39008E-13,,,
63130,5000.727172,-2.35E-04,6677,-7064,9720.207045,9720.207045,5.03E+03,5.00E+03,-1.31608E-11,,,
63320,5001.119334,1.22E-02,6692,-7050,9720.358224,9720.358224,5.03E+03,5.00E+03,1.18318E-13,,,
63510,4999.290007,8.53E-03,6711,-7034,9721.865922,9721.865922,5.03E+03,5.00E+03,-6.11817E-12,,,
63700,5000.031114,0.016667513,6726,-7018,9720.668701,9720.668701,5.03E+03,5.00E+03,-4.27626E-12,,,
63890,4999.958259,-2.50E-02,6740,-7006,9721.70952,9721.70952,5.03E+03,5.00E+03,-8.32992E-12,,,
64080,5002.910188,-5.55E-04,6756,-6985,9717.703484,9717.703484,5.03E+03,5.00E+03,1.24565E-11,,,
64270,5000.368971,4.11E-03,6773,-6972,9720.201284,9720.201284,5.03E+03,5.00E+03,2.758E-13,,,
64460,5001.500886,4.15E-02,6786,-6952,9714.9421,9714.9421,5.03E+03,5.00E+03,-2.03428E-12,,,
64650,5001.087795,-4.29E-03,6802,-6940,9717.551338,9717.551338,5.03E+03,5.01E+03,-2.0478E-11,,,
64840,4998.545118,1.29E-04,6820,-6926,9720.178805,9720.178805,5.03E+03,5.00E+03,2.11394E-12,,,
65030,4998.90707,-4.10E-03,6838,-6910,9721.437342,9721.437342,5.03E+03,5.00E+03,-6.31614E-14,,,
65220,5003.640722,8.21E-03,6850,-6892,9717.106771,9717.106771,5.03E+03,5.00E+03,2.0091E-12,,,
65410,4999.999523,-8.34E-03,6865,-6875,9715.649747,9715.649747,5.03E+03,5.00E+03,-4.00244E-12,,,
65600,5001.821632,-1.25E-02,6880,-6858,9714.245416,9714.245416,5.03E+03,5.00E+03,4.05928E-12,,,
65790,4999.637495,-4.19E-03,6896,-6843,9715.012352,9715.012352,5.03E+03,5.00E+03,6.05145E-12,,,
65980,4998.919316,-2.09E-02,6910,-6829,9715.108903,9715.108903,5.03E+03,5.00E+03,2.02613E-12,,,
66170,5000.006039,-8.34E-03,6926,-6813,9715.268653,9715.268653,5.03E+03,5.00E+03,1.01002E-11,,,
66360,4999.279961,-8.43E-03,6942,-6797,9715.4811,9715.4811,5.03E+03,5.00E+03,4.01267E-12,,,
66550,5001.455892,2.15E-04,6956,-6779,9712.918048,9712.918048,5.03E+03,5.00E+03,4.0444E-12,,,
66740,5000,0,6973,-6763,9713.953778,9713.953778,5.03E+03,5.00E+03,-1.02792E-13,,,
66930,5000.02544,-1.67E-02,6986,-6748,9712.862606,9712.862606,5.03E+03,5.00E+03,0,,,
67120,4999.643359,-4.25E-03,7004,-6730,9713.337017,9713.337017,5.03E+03,5.00E+03,7.93491E-12,,,
67310,4998.188925,-4.63E-03,7020,-6716,9715.197167,9715.197167,5.03E+03,5.00E+03,2.01777E-12,,,
67500,5000.727881,2.08E-04,7036,-6694,9711.587512,9711.587512,5.03E+03,5.00E+03,2.19177E-12,,,
67690,4999.330579,-2.53E-02,7046,-6681,9709.88553,9709.88553,5.03E+03,5.00E+03,-9.79648E-14,,,
67880,5000.374588,-4.05E-03,7061,-6663,9708.413362,9708.413362,5.04E+03,5.00E+03,1.18769E-11,,,
68070,5001.876442,-2.02E-02,7073,-6650,9708.235113,9708.235113,5.04E+03,5.00E+03,1.89942E-12,,,
68260,4999.272118,-2.80E-04,7092,-6631,9709.100113,9709.100113,5.03E+03,5.00E+03,9.44614E-12,,,
68450,4998.868918,1.21E-02,7107,-6613,9707.791613,9707.791613,5.04E+03,5.00E+03,1.30725E-13,,,
68640,5000.377864,-4.01E-03,7122,-6597,9707.898485,9707.898485,5.04E+03,5.00E+03,-5.61237E-12,,,
68830,5001.165647,-2.03E-02,7135,-6581,9706.584672,9706.584672,5.04E+03,5.00E+03,1.85997E-12,,,
69020,4999.875899,3.34E-02,7154,-6565,9709.734342,9709.734342,5.03E+03,5.00E+03,9.40642E-12,,,
69210,4999.652669,-4.36E-03,7168,-6547,9707.905696,9707.905696,5.04E+03,5.00E+03,-1.53811E-11,,,
69400,5001.039855,1.31E-02,7181,-6530,9706.063105,9706.063105,5.04E+03,5.00E+03,2.0049E-12,,,
69590,4998.890558,3.55E-03,7195,-6515,9706.351014,9706.351014,5.04E+03,5.00E+03,-6.00789E-12,,,
69780,5000.306818,1.27E-02,7212,-6495,9705.563817,9705.563817,5.04E+03,5.00E+03,-1.62416E-12,,,
69970,5000.3835,-3.94E-03,7223,-6481,9704.385091,9704.385091,5.04E+03,5.00E+03,-5.80441E-12,,,
70160,5000.809854,-1.62E-02,7237,-6464,9703.476954,9703.476954,5.04E+03,5.00E+03,1.79383E-12,,,
70350,5003.126466,3.14E-02,7248,-6442,9697.054604,9697.054604,5.04E+03,5.00E+03,7.35031E-12,,,
70540,4999.22824,7.83E-03,7268,-6430,9704.05709,9704.05709,5.04E+03,5.01E+03,-1.41925E-11,,,
70730,5000.386626,-3.90E-03,7280,-6415,9703.124497,9703.124497,5.04E+03,5.00E+03,-3.53251E-12,,,
70920,4999.076143,-3.00E-02,7293,-6398,9701.662383,9701.662383,5.04E+03,5.00E+03,1.75694E-12,,,
71110,5000.338863,4.45E-03,7310,-6379,9701.945217,9701.945217,5.04E+03,5.00E+03,1.34646E-11,,,
71300,5000,0,7325,-6363,9702.751878,9702.751878,5.04E+03,5.00E+03,-1.99188E-12,,,
71490,4999.557509,1.22E-02,7340,-6346,9702.953983,9702.953983,5.04E+03,5.00E+03,0,,,
71680,4997.429513,1.98E-03,7355,-6330,9703.861345,9703.861345,5.04E+03,5.00E+03,-5.4299E-12,,,
71870,5002.516278,6.42E-03,7366,-6308,9697.877087,9697.877087,5.04E+03,5.00E+03,-8.80572E-13,,,
72060,5002.457401,1.48E-02,7380,-6290,9696.829379,9696.829379,5.04E+03,5.00E+03,-2.84154E-12,,,
72250,5000,0,7393,-6277,9698.307997,9698.307997,5.04E+03,5.00E+03,-6.54066E-12,,,
72440,5002.119099,1.04E-02,7407,-6256,9695.420826,9695.420826,5.04E+03,5.00E+03,0,,,
72630,5001.515566,-6.89E-03,7421,-6243,9697.746645,9697.746645,5.04E+03,5.00E+03,-4.58109E-12,,,
72820,4999.27382,-7.39E-04,7438,-6225,9699.1994,9699.1994,5.04E+03,5.00E+03,3.01798E-12,,,
73010,4999.735738,-1.29E-02,7447,-6209,9695.849112,9695.849112,5.04E+03,5.00E+03,3.23087E-13,,,
73200,5000.793894,-7.54E-03,7462,-6190,9695.233055,9695.233055,5.04E+03,5.00E+03,5.60891E-12,,,
73390,4999.274234,-7.94E-04,7479,-6175,9698.76621,9698.76621,5.04E+03,5.00E+03,3.281E-12,,,
73580,5000.911413,2.20E-02,7490,-6152,9692.636587,9692.636587,5.04E+03,5.00E+03,3.44658E-13,,,
73770,4997.709342,5.20E-02,7507,-6127,9689.952425,9689.952425,5.04E+03,5.00E+03,-9.52509E-12,,,
73960,5001.525741,-6.61E-03,7517,-6120,9693.280611,9693.280611,5.04E+03,5.00E+03,-2.24401E-11,,,
74150,5001.929197,-1.03E-02,7531,-6096,9689.023532,9689.023532,5.05E+03,5.00E+03,2.84444E-12,,,
74340,4999.598433,3.71E-03,7545,-6084,9692.37231,9692.37231,5.04E+03,5.00E+03,4.41284E-12,,,
74530,5000.079396,-8.31E-03,7559,-6068,9693.250487,9693.250487,5.04E+03,5.00E+03,-1.58939E-12,,,
74720,4998.793633,-2.68E-02,7574,-6053,9695.580694,9695.580694,5.04E+03,5.00E+03,3.54949E-12,,,
74910,4998.385009,1.47E-02,7587,-6032,9692.656653,9692.656653,5.04E+03,5.00E+03,1.14109E-11,,,
75100,4998.702162,1.93E-02,7601,-6014,9692.440198,9692.440198,5.04E+03,5.00E+03,-6.25771E-12,,,
75290,5001.043845,5.63E-03,7613,-5996,9690.706115,9690.706115,5.04E+03,5.00E+03,-8.18873E-12,,,
75480,5000,0,7626,-5977,9689.190111,9689.190111,5.05E+03,5.00E+03,-2.38026E-12,,,
75670,5000.675172,-2.85E-02,7638,-5962,9689.400807,9689.400807,5.04E+03,5.00E+03,0,,,
75860,5001.131869,-2.58E-03,7651,-5942,9687.371419,9687.371419,5.05E+03,5.00E+03,1.2002E-11,,,
76050,4998.904976,3.21E-02,7667,-5922,9687.774409,9687.774409,5.05E+03,5.00E+03,1.08413E-12,,,
76240,4999.590942,3.61E-03,7679,-5907,9688.121077,9688.121077,5.05E+03,5.00E+03,-1.34493E-11,,,
76430,4999.686248,-4.70E-03,7692,-5890,9688.083608,9688.083608,5.05E+03,5.00E+03,-1.50602E-12,,,
76620,5000.21507,1.30E-02,7706,-5870,9687.070558,9687.070558,5.05E+03,5.00E+03,1.95617E-12,,,
76810,5001.233911,-1.07E-02,7716,-5854,9685.348316,9685.348316,5.05E+03,5.00E+03,-5.39872E-12,,,
77000,4999.899003,8.29E-03,7731,-5835,9685.84462,9685.84462,5.05E+03,5.00E+03,4.44383E-12,,,
77190,4999.370414,-0.157299725,7739,-5830,9689.221899,9689.221899,5.05E+03,5.00E+03,-3.42573E-12,,,
77380,4998.554721,-2.39E-03,7757,-5798,9684.412889,9684.412889,5.05E+03,5.06E+03,6.46191E-11,,,
77570,5002.794369,-1.64E-02,7767,-5780,9681.667677,9681.667677,5.05E+03,5.00E+03,9.85359E-13,,,
77760,5000.63045,-2.01E-02,7780,-5763,9681.971339,9681.971339,5.05E+03,5.00E+03,6.744E-12,,,
77950,4998.337582,1.40E-02,7796,-5745,9684.143793,9684.143793,5.05E+03,5.00E+03,8.21778E-12,,,
78140,5001.138389,-2.23E-03,7807,-5725,9681.160778,9681.160778,5.05E+03,5.00E+03,-5.73774E-12,,,
78330,5001.860679,-9.10E-04,7818,-5708,9679.99938,9679.99938,5.05E+03,5.00E+03,9.06959E-13,,,
78520,4997.379855,2.91E-02,7836,-5691,9684.5432,9684.5432,5.05E+03,5.00E+03,3.69535E-13,,,
78710,4999.162862,6.94E-03,7846,-5671,9680.906827,9680.906827,5.05E+03,5.00E+03,-1.1819E-11,,,
78900,4999.161747,6.91E-03,7861,-5655,9683.715506,9683.715506,5.05E+03,5.00E+03,-2.80559E-12,,,
79090,4998.201158,2.20E-02,7872,-5635,9680.99215,9680.99215,5.05E+03,5.00E+03,-2.78932E-12,,,
79280,4999.700293,-4.82E-03,7884,-5618,9680.877026,9680.877026,5.05E+03,5.00E+03,-8.87646E-12,,,
79470,5001.141687,-2.02E-03,7895,-5598,9678.255473,9678.255473,5.05E+03,5.00E+03,1.93579E-12,,,
79660,5000.248388,-1.65E-02,7909,-5583,9681.021124,9681.021124,5.05E+03,5.00E+03,8.08545E-13,,,
79850,5001.439425,2.89E-03,7921,-5560,9677.594794,9677.594794,5.05E+03,5.00E+03,6.59197E-12,,,
80040,5000.974798,-1.50E-02,7931,-5543,9676.032761,9676.032761,5.05E+03,5.00E+03,-1.15112E-12,,,
80230,5000.294966,4.86E-03,7945,-5523,9676.081542,9676.081542,5.05E+03,5.00E+03,5.97579E-12,,,
80420,4998.594422,1.83E-02,7958,-5505,9676.507066,9676.507066,5.05E+03,5.00E+03,-1.92912E-12,,,
80610,5000.55749,-1.16E-02,7980,-5495,9688.93312,9688.93312,5.05E+03,5.00E+03,-7.26567E-12,,,
80800,5001.30261,1.13E-02,7982,-5468,9675.295758,9675.295758,5.05E+03,5.00E+03,4.57167E-12,,,
80990,5000.543183,-3.29E-02,7991,-5453,9674.259145,9674.259145,5.05E+03,5.00E+03,-4.45384E-12,,,
81180,4999.572399,3.33E-03,8006,-5433,9675.40826,9675.40826,5.05E+03,5.00E+03,1.29361E-11,,,
81370,4998.56502,-3.19E-03,8018,-5415,9675.254467,9675.254467,5.05E+03,5.00E+03,-1.30431E-12,,,
81560,4999.852517,-1.31E-02,8028,-5395,9672.373494,9672.373494,5.05E+03,5.00E+03,1.24744E-12,,,
81750,4999.140617,6.58E-03,8042,-5376,9673.42442,9673.42442,5.05E+03,5.00E+03,5.12828E-12,,,
81940,5000.142267,1.31E-02,8053,-5356,9671.481014,9671.481014,5.05E+03,5.00E+03,-2.56473E-12,,,
82130,4999.848622,2.96E-02,8069,-5340,9675.96822,9675.96822,5.05E+03,5.00E+03,-5.10747E-12,,,
82320,4998.557513,1.80E-02,8079,-5319,9672.745319,9672.745319,5.05E+03,5.00E+03,-1.14561E-11,,,
82510,4999.716571,-4.96E-03,8088,-5302,9670.93315,9670.93315,5.05E+03,5.00E+03,-6.95599E-12,,,
82700,4999.73632,-2.63E-02,8099,-5285,9670.83378,9670.83378,5.05E+03,5.00E+03,1.91205E-12,,,
82890,4999.437112,-9.94E-03,8111,-5263,9668.892905,9668.892905,5.06E+03,5.00E+03,1.01331E-11,,,
83080,5000.434495,-3.21E-03,8122,-5244,9667.803267,9667.803267,5.06E+03,5.00E+03,3.81939E-12,,,
83270,4999.129595,6.41E-03,8133,-5224,9666.222892,9666.222892,5.06E+03,5.00E+03,1.23165E-12,,,
83460,5000.268003,-7.24E-02,8133,-5201,9653.8122,9653.8122,5.06E+03,5.00E+03,-2.45038E-12,,,
83650,5000.476568,-2.45E-02,8154,-5189,9665.0627,9665.0627,5.06E+03,5.01E+03,2.75845E-11,,,
83840,4999.562937,3.17E-03,8167,-5170,9665.856868,9665.856868,5.06E+03,5.00E+03,9.34174E-12,,,
84030,4997.441195,-0.135517171,8182,-5165,9675.864251,9675.864251,5.05E+03,5.00E+03,-1.20417E-12,,,
84220,4999.39768,1.13E-02,8193,-5129,9666.017277,9666.017277,5.06E+03,5.04E+03,5.12135E-11,,,
84410,5000.165506,-8.17E-03,8201,-5111,9663.266632,9663.266632,5.06E+03,5.00E+03,-4.27819E-12,,,
84600,4998.575312,-3.83E-03,8213,-5094,9664.481621,9664.481621,5.06E+03,5.00E+03,3.08051E-12,,,
84790,4999.053822,2.76E-02,8227,-5073,9665.343139,9665.343139,5.06E+03,5.00E+03,1.44085E-12,,,
84980,5001.594065,-4.26E-03,8232,-5055,9660.168166,9660.168166,5.06E+03,5.00E+03,-1.03594E-11,,,
85170,4999.558325,3.09E-03,8246,-5035,9661.66347,9661.66347,5.06E+03,5.00E+03,1.59372E-12,,,
85360,4999.115397,6.16E-03,8257,-5016,9661.175136,9661.175136,5.06E+03,5.00E+03,-1.15542E-12,,,
85550,5000,0,8265,-4995,9657.134668,9657.134668,5.06E+03,5.00E+03,-2.29762E-12,,,
85740,5001.778392,2.24E-02,8275,-4976,9655.889446,9655.889446,5.06E+03,5.00E+03,0,,,
85930,5000.535479,-2.44E-02,8287,-4960,9657.948488,9657.948488,5.06E+03,5.00E+03,-8.2991E-12,,,
86120,5000.87883,2.85E-02,8301,-4937,9658.186683,9658.186683,5.06E+03,5.00E+03,9.04155E-12,,,
86310,4999.7363,-5.11E-03,8310,-4918,9656.232392,9656.232392,5.06E+03,5.00E+03,-1.05404E-11,,,
86500,4999.816565,8.12E-03,8320,-4899,9655.185187,9655.185187,5.06E+03,5.00E+03,1.88375E-12,,,
86690,5001.941797,1.45E-02,8327,-4880,9651.597225,9651.597225,5.06E+03,5.00E+03,-2.99049E-12,,,
86880,5000.633784,-1.11E-02,8340,-4865,9655.248573,9655.248573,5.06E+03,5.00E+03,-5.31482E-12,,,
87070,5000.188173,-8.11E-03,8354,-4845,9657.294704,9657.294704,5.06E+03,5.00E+03,4.06862E-12,,,
87260,4999.36143,0.011068325,8366,-4822,9656.171084,9656.171084,5.06E+03,5.00E+03,2.96469E-12,,,
87450,5012.02857,3.74E-02,8370,-4791,9644.199345,9644.199345,5.07E+03,5.00E+03,-4.03874E-12,,,
87640,5000.706626,2.21E-03,8384,-4783,9652.385456,9652.385456,5.06E+03,5.02E+03,-1.35764E-11,,,
87830,4998.722133,-2.58E-02,8397,-4768,9656.263926,9656.263926,5.06E+03,5.00E+03,-8.04235E-13,,,
88020,5001.156791,-6.66E-04,8406,-4745,9652.764423,9652.764423,5.06E+03,5.00E+03,9.35538E-12,,,
88210,5001.188809,-0.048495071,8413,-4728,9650.520867,9650.520867,5.07E+03,5.00E+03,2.4099E-13,,,
88400,4998.895581,1.39E-02,8428,-4704,9651.880646,9651.880646,5.06E+03,5.01E+03,1.7492E-11,,,
88590,4999.949879,-1.33E-02,8436,-4686,9650.113574,9650.113574,5.07E+03,5.00E+03,-4.99471E-12,,,
88780,5000.954602,7.53E-03,8447,-4663,9648.594613,9648.594613,5.07E+03,5.00E+03,4.76661E-12,,,
88970,4997.141877,-2.26E-02,8460,-4649,9653.227491,9653.227491,5.06E+03,5.00E+03,-2.69838E-12,,,
89160,5000.248535,5.21E-03,8466,-4626,9647.436551,9647.436551,5.07E+03,5.00E+03,8.10824E-12,,,
89350,4999.960424,-1.33E-02,8475,-4607,9646.246628,9646.246628,5.07E+03,5.00E+03,-1.86078E-12,,,
89540,5000.949101,7.62E-03,8485,-4588,9645.982013,9645.982013,5.07E+03,5.00E+03,4.72962E-12,,,
89730,4999.788887,8.04E-03,8497,-4567,9646.579601,9646.579601,5.07E+03,5.00E+03,-2.70998E-12,,,
89920,5000.733226,1.57E-02,8507,-4547,9645.945158,9645.945158,5.07E+03,5.00E+03,-2.85416E-12,,,
90110,4999.756586,-5.24E-03,8516,-4530,9645.888036,9645.888036,5.07E+03,5.00E+03,-5.56239E-12,,,
90300,4997.681995,6.08E-04,8525,-4509,9643.998445,9643.998445,5.07E+03,5.00E+03,1.85299E-12,,,
90490,5000.217452,-8.03E-03,8531,-4490,9640.438839,9640.438839,5.07E+03,5.00E+03,-2.14354E-13,,,
90680,4998.162594,1.10E-02,8545,-4471,9644.00674,9644.00674,5.07E+03,5.00E+03,2.82399E-12,,,
90870,5002.684416,-6.96E-02,8550,-4457,9641.957737,9641.957737,5.07E+03,5.00E+03,-3.87082E-12,,,
91060,4999.539518,2.73E-03,8566,-4431,9644.175289,9644.175289,5.07E+03,5.01E+03,2.43473E-11,,,
91250,5000,0,8576,-4410,9643.436939,9643.436939,5.07E+03,5.00E+03,-9.54505E-13,,,
91440,5000.010565,1.33E-02,8586,-4390,9643.209839,9643.209839,5.07E+03,5.00E+03,0,,,
91630,5000,0,8594,-4370,9641.251786,9641.251786,5.07E+03,5.00E+03,-4.6254E-12,,,
91820,4999.287179,-0.042499681,8600,-4353,9638.911194,9638.911194,5.07E+03,5.00E+03,0,,,
92010,4998.146788,1.07E-02,8614,-4331,9641.501802,9641.501802,5.07E+03,5.00E+03,1.47337E-11,,,
92200,4996.288991,7.95E-03,8627,-4306,9641.927453,9641.927453,5.07E+03,5.00E+03,-3.69736E-12,,,
92390,4999.769156,-5.32E-03,8631,-4289,9637.929342,9637.929342,5.07E+03,5.00E+03,-2.74677E-12,,,
92580,5001.401082,-0.021192185,8639,-4270,9636.660262,9636.660262,5.07E+03,5.00E+03,1.83468E-12,,,
92770,4999.305674,-2.71E-03,8651,-4250,9638.583973,9638.583973,5.07E+03,5.00E+03,7.28512E-12,,,
92960,5002.548953,5.59E-03,8656,-4227,9632.95723,9632.95723,5.07E+03,5.00E+03,9.31734E-13,,,
93150,4999.546908,-1.07E-02,8668,-4207,9634.992112,9634.992112,5.07E+03,5.00E+03,-1.91391E-12,,,
93340,5001.177034,-1.31E-02,8673,-4187,9630.778681,9630.778681,5.08E+03,5.00E+03,3.65753E-12,,,
93530,4999.756157,7.94E-03,8684,-4161,9629.422465,9629.422465,5.08E+03,5.00E+03,4.47177E-12,,,
93720,4999.776359,-5.37E-03,8692,-4150,9631.893064,9631.893064,5.08E+03,5.00E+03,-2.70194E-12,,,
93910,5001.629602,-2.27E-03,8702,-4128,9631.468632,9631.468632,5.08E+03,5.00E+03,1.82371E-12,,,
94100,4998.839602,-3.05E-04,8712,-4109,9632.38418,9632.38418,5.07E+03,5.00E+03,7.70474E-13,,,
94290,4996.797629,-2.22E-02,8720,-4092,9632.386205,9632.386205,5.07E+03,5.00E+03,1.03259E-13,,,
94480,4999.497955,1.58E-02,8727,-4070,9629.404395,9629.404395,5.08E+03,5.00E+03,7.50525E-12,,,
94670,5002.287807,1.41E-02,8733,-4048,9625.569749,9625.569749,5.08E+03,5.00E+03,-5.32995E-12,,,
94860,5000.471572,-2.49E-03,8746,-4030,9629.819105,9629.819105,5.08E+03,5.00E+03,-4.73461E-12,,,
95050,5000,0,8755,-4008,9628.815555,9628.815555,5.08E+03,5.00E+03,8.35522E-13,,,
95240,5002.883468,4.38E-02,8760,-3985,9623.815512,9623.815512,5.08E+03,5.00E+03,0,,,
95430,4999.831027,-1.87E-02,8772,-3970,9628.545269,9628.545269,5.08E+03,5.01E+03,-1.4634E-11,,,
95620,4999.574318,-1.09E-02,8782,-3947,9628.205077,9628.205077,5.08E+03,5.00E+03,6.24445E-12,,,
95810,5000.161789,1.87E-02,8788,-3927,9625.501182,9625.501182,5.08E+03,5.00E+03,3.61497E-12,,,
96000,5001.055996,-0.031421226,8796,-3908,9625.075584,9625.075584,5.08E+03,5.00E+03,-6.22382E-12,,,
96190,5000.685131,3.04E-03,8804,-3885,9623.078561,9623.078561,5.08E+03,5.00E+03,1.04165E-11,,,
96380,5001.010214,-1.81E-02,8812,-3866,9622.749087,9622.749087,5.08E+03,5.00E+03,-1.00706E-12,,,
96570,4999.792436,-5.46E-03,8822,-3845,9623.497753,9623.497753,5.08E+03,5.00E+03,5.97008E-12,,,
96760,4999.110133,-8.56E-03,8830,-3827,9623.659855,9623.659855,5.08E+03,5.00E+03,1.79948E-12,,,
96950,5001.571059,1.17E-02,8838,-3804,9621.884431,9621.884431,5.08E+03,5.00E+03,2.81672E-12,,,
97140,4998.158226,-3.93E-03,8848,-3784,9623.188661,9623.188661,5.08E+03,5.00E+03,-3.83975E-12,,,
97330,5000,0,8855,-3764,9621.78367,9621.78367,5.08E+03,5.00E+03,1.28736E-12,,,
97520,5000.957681,-4.63E-03,8862,-3742,9619.646979,9619.646979,5.08E+03,5.00E+03,0,,,
97710,4999.72179,7.80E-03,8871,-3721,9619.79636,9619.79636,5.08E+03,5.00E+03,1.5122E-12,,,
97900,5000.559455,-1.56E-02,8876,-3703,9617.462503,9617.462503,5.08E+03,5.00E+03,-2.54052E-12,,,
98090,5001.077119,0.014231055,8886,-3679,9617.486002,9617.486002,5.08E+03,5.00E+03,5.06655E-12,,,
