Frequency,Impedance,Phase,Real,Imaginary,Magnitude,
 10000 , 20429.4292118803 ,-10.0769833915551 ,-19 ,-237 , 237.760383579771 
 10175 , 20223.265585577 ,-8.9890776312954 ,-13 ,-242 , 242.348922011219 
 10350 , 19962.0024988436 ,-7.97587654158656 ,-6 ,-245 , 245.073458375239 
 10525 , 20840.905482132 ,-7.22457044005057 ,-1 ,-233 , 233.002145912865 
 10700 , 21033.8889856627 ,-7.68198533248642 ,-2 ,-230 , 230.008695487801 
 10875 , 21295.3614793902 ,-8.69246728787965 ,-7 ,-226 , 226.1083810919 
 11050 , 21044.0730066728 ,-10.4744205672972 ,-16 ,-229 , 229.558271469359 
 11225 , 21544.9071201429 ,-5.2385908322936 , 3 ,-224 , 224.020088384948 
 11400 , 20840.7268988765 ,-9.65607159155883 ,-11 ,-232 , 232.260629466124 
 11575 , 20872.5311091255 ,-10.1723450746236 ,-12 ,-231 , 231.311478314415 
 11750 , 21192.9182243816 ,-10.1805549424888 ,-12 ,-227 , 227.316959332118 
 11925 , 20780.984458598 ,-10.8284666902711 ,-14 ,-232 , 232.422029936923 
 12100 , 20638.5324428073 ,-10.7235926486233 ,-13 ,-234 , 234.360832905159 
 12275 , 20987.1705249698 ,-10.3484594788349 ,-11 ,-230 , 230.262893232931 
 12450 , 20911.0424922625 ,-10.2493587063123 ,-10 ,-230 , 230.217288664427 
 12625 , 20977.1822620653 ,-11.1402902897696 ,-14 ,-229 , 229.427548476638 
 12800 , 20727.8831347532 ,-12.12139064219 ,-18 ,-232 , 232.697228174295 
 12975 , 20636.1385307841 ,-12.1095884765303 ,-17 ,-234 , 234.616708697399 
 13150 , 20311.939129802 ,-11.1544963986387 ,-12 ,-239 , 239.301065605651 
 13325 , 20539.6955258658 ,-10.2969020001799 ,-7 ,-236 , 236.103790736193 
 13500 , 21044.4475908121 ,-10.8282504901208 ,-8 ,-229 , 229.139695382533 
 13675 , 20850.8981063135 ,-12.8342824452204 ,-16 ,-230 , 230.555850066746 
 13850 , 21052.361770493 ,-12.1980043657692 ,-14 ,-230 , 230.425693011869 
 14025 , 20363.8293469266 ,-11.4193386196054 ,-11 ,-238 , 238.254066072334 
 14200 , 20403.3364062771 ,-12.0581475959592 ,-12 ,-238 , 238.302328985682 
 14375 , 20607.8938764136 ,-11.3926251312186 ,-8 ,-235 , 235.13613078385 
 14550 , 20910.4016690064 ,-11.3247225018595 ,-7 ,-231 , 231.106036269068 
 14725 , 20925.5005714283 ,-12.7225852872061 ,-12 ,-230 , 230.312830732463 
 14900 , 21038.1190502159 ,-12.7255616449816 ,-12 ,-229 , 229.314194937862 
 15075 , 20090.8923798971 ,-11.3850653495401 ,-7 ,-239 , 239.102488485586 
 15250 , 20513.8492385975 ,-11.6863745684367 ,-7 ,-236 , 236.103790736193 
 15425 , 20683.5425387711 ,-12.486160139271 ,-10 ,-233 , 233.214493546177 
 15600 , 20863.4938914481 ,-12.5009878366364 ,-10 ,-230 , 230.217288664427 
 15775 , 20927.2901269668 ,-12.7771212314524 ,-11 ,-230 , 230.262893232931 
 15950 , 20689.3595322627 ,-13.5142171544987 ,-13 ,-233 , 233.36237914454 
 16125 , 20550.860335657 ,-13.4082075731786 ,-12 ,-235 , 235.306183514161 
 16300 , 20521.1142959534 ,-13.0016146213414 ,-10 ,-235 , 235.212669726782 
 16475 , 20789.8755812676 ,-13.3961896861817 ,-11 ,-232 , 232.260629466124 
 16650 , 20458.3524824951 ,-14.5986287488066 ,-16 ,-235 , 235.544051081746 
 16825 , 20365.9292677022 ,-14.4667414226623 ,-15 ,-237 , 237.47420912596 
 17000 , 20507.7899874051 ,-13.7350527714088 ,-11 ,-236 , 236.25621684942 
 17175 , 20331.1809492999 ,-13.6578996109479 ,-10 ,-238 , 238.209991394148 
 17350 , 20527.2265711156 ,-13.7242953283962 ,-9 ,-235 , 235.172277277744 
 17525 , 20670.2722377666 ,-14.1876648244397 ,-11 ,-233 , 233.259512131874 
 17700 , 20404.8009941332 ,-14.3941571815287 ,-12 ,-237 , 237.303603006781 
 17875 , 20380.3553323694 ,-15.2998005592595 ,-16 ,-237 , 237.539470404394 
 18050 , 20234.9089219521 ,-14.3745082373839 ,-11 ,-239 , 239.253004160867 
 18225 , 20089.52310499 ,-13.8204457913683 ,-7 ,-241 , 241.10163831878 
 18400 , 20472.830294794 ,-13.342057016142 ,-4 ,-237 , 237.033752870767 
 18575 , 20477.1089800917 ,-13.9397198827865 ,-6 ,-235 , 235.076583265965 
 18750 , 20854.1715807717 ,-14.8149867959683 ,-9 ,-230 , 230.17601960239 
 18925 , 20657.6685877233 ,-15.1721457943095 ,-11 ,-232 , 232.260629466124 
 19100 , 20590.4162578917 ,-15.4511854448396 ,-12 ,-233 , 233.308808234923 
 19275 , 20547.7811298791 ,-16.3771762131519 ,-15 ,-234 , 234.48027635603 
 19450 , 20282.9088938987 ,-15.9201881695259 ,-13 ,-237 , 237.35627229968 
 19625 , 20505.0082953865 ,-16.6379454955943 ,-15 ,-235 , 235.478236786332 
 19800 , 20380.4050879821 ,-15.7524415029335 ,-11 ,-236 , 236.25621684942 
 19975 , 20371.5246351212 ,-16.5366694945902 ,-14 ,-236 , 236.414889548015 
 20150 , 20451.9158208477 ,-16.43751688714 ,-13 ,-235 , 235.359299795016 
 20325 , 20294.3885463141 ,-17.2354366399741 ,-16 ,-237 , 237.539470404394 
 20500 , 20163.8717095666 ,-17.1888638097292 ,-16 ,-238 , 238.537208837531 
 20675 , 20376.7837666452 ,-18.0952764842947 ,-18 ,-236 , 236.685445264385 
 20850 , 20096.7558014599 ,-16.9864202670215 ,-14 ,-240 , 240.407986556187 
 21025 , 20299.3420587613 ,-16.8221180258515 ,-12 ,-238 , 238.302328985682 
 21200 , 20290.0870365144 ,-17.5463382951808 ,-14 ,-238 , 238.41140912297 
 21375 , 20297.9336069905 ,-17.079069176846 ,-12 ,-237 , 237.303603006781 
 21550 , 20339.7155535025 ,-17.945427404708 ,-15 ,-237 , 237.47420912596 
 21725 , 20160.2288519652 ,-17.7485441154577 ,-14 ,-239 , 239.409690697766 
 21900 , 20013.6648596872 ,-17.6561274794443 ,-13 ,-241 , 241.350367722943 
 22075 , 19924.5830349463 ,-17.2434120782217 ,-11 ,-242 , 242.249871000998 
 22250 , 20266.9817906733 ,-17.0511560789785 ,-9 ,-238 , 238.170107276291 
 22425 , 20421.6354566822 ,-17.6841977128043 ,-11 ,-236 , 236.25621684942 
 22600 , 20261.1027832416 ,-18.4424848919522 ,-14 ,-237 , 237.413142011979 
 22775 , 20252.746180308 ,-18.2566953229993 ,-13 ,-238 , 238.354777590045 
 22950 , 20505.77099626 ,-18.1835289432097 ,-12 ,-235 , 235.306183514161 
 23125 , 20337.536749078 ,-17.8639329321388 ,-10 ,-237 , 237.210876647763 
 23300 , 20126.4223061941 ,-18.7075817966269 ,-13 ,-239 , 239.353295360645 
 23475 , 19984.7894875514 ,-19.6543196757786 ,-17 ,-241 , 241.598841056823 
 23650 , 20048.410313046 ,-18.7518979247178 ,-13 ,-240 , 240.351825455934 
 23825 , 20075.3636881067 ,-18.7425440242429 ,-12 ,-240 , 240.299812734009 
 24000 , 19969.5452971048 ,-18.934772874654 ,-12 ,-241 , 241.298570240273 
 24175 , 20179.8136227984 ,-17.6300802400202 ,-7 ,-238 , 238.102918923729 
 24350 , 20075.058994503 ,-19.5203213073739 ,-14 ,-240 , 240.407986556187 
 24525 , 20161.0291707702 ,-19.4828776726352 ,-13 ,-239 , 239.353295360645 
 24700 , 20048.1005171898 ,-20.257256628877 ,-16 ,-240 , 240.532742053967 
 24875 , 19706.934784246 ,-19.8505789165294 ,-14 ,-245 , 245.399674001413 
 25050 , 19821.3388944228 ,-20.0420905365079 ,-14 ,-243 , 243.402958075698 
 25225 , 19694.4232794716 ,-19.8569974248431 ,-12 ,-244 , 244.29490375364 
 25400 , 20287.3256975307 ,-19.1942398828938 ,-9 ,-238 , 238.170107276291 
 25575 , 19794.9231960966 ,-19.8511326016117 ,-12 ,-243 , 243.296115875285 
 25750 , 19744.2695683279 ,-20.7514950683795 ,-15 ,-244 , 244.460630777228 
 25925 , 19821.1253647178 ,-20.2401686895226 ,-12 ,-244 , 244.29490375364 
 26100 , 19977.5716325815 ,-20.0522750524388 ,-10 ,-242 , 242.206523446418 
 26275 , 19577.8676645056 ,-20.2294389241641 ,-9 ,-246 , 246.164579092931 
 26450 , 20360.1107334412 ,-20.6234810929343 ,-11 ,-237 , 237.255136930689 
 26625 , 20211.3620211752 ,-20.7194640726138 ,-12 ,-238 , 238.302328985682 
 26800 , 20349.0278400384 ,-21.7411316921174 ,-17 ,-235 , 235.614091259415 
 26975 , 19868.7404783507 ,-21.3320738016081 ,-14 ,-242 , 242.404620418011 
 27150 , 19648.9339616521 ,-21.6643791408599 ,-16 ,-245 , 245.521893117498 
 27325 , 19793.3133986153 ,-21.563059727862 ,-14 ,-243 , 243.402958075698 
 27500 , 19718.8604159554 ,-21.7940024000173 ,-14 ,-244 , 244.401309325462 
 27675 , 19697.4222470597 ,-21.5223543662792 ,-13 ,-244 , 244.346066062051 
 27850 , 19738.4309219391 ,-21.9629411301862 ,-14 ,-244 , 244.401309325462 
 28025 , 19891.8968560611 ,-22.7536261443977 ,-17 ,-242 , 242.596372602725 
 28200 , 20185.9872593897 ,-21.730901308627 ,-13 ,-238 , 238.354777590045 
 28375 , 19936.0785141403 ,-22.5627996503822 ,-15 ,-242 , 242.464430381035 
 28550 , 19729.4876001671 ,-22.0775525103635 ,-12 ,-244 , 244.29490375364 
 28725 , 19942.8872699647 ,-22.0689112027343 ,-11 ,-242 , 242.249871000998 
 28900 , 19495.0932771239 ,-23.2307854853204 ,-16 ,-246 , 246.519776082975 
 29075 , 19716.3238452134 ,-22.8657017577942 ,-14 ,-244 , 244.401309325462 
 29250 , 19682.2276326266 ,-22.6715287265988 ,-13 ,-244 , 244.346066062051 
 29425 , 19550.0700810681 ,-22.8709015713852 ,-13 ,-246 , 246.343256453267 
 29600 , 19620.219533762 ,-22.0151634009569 ,-10 ,-245 , 245.203996704785 
 29775 , 19428.0974994292 ,-23.2242599815393 ,-14 ,-248 , 248.394846967484 
 29950 , 19610.8007226823 ,-23.1854414564284 ,-13 ,-246 , 246.343256453267 
 30125 , 19480.7855507495 ,-23.1912965235541 ,-12 ,-247 , 247.291326172189 
 30300 , 19371.721485297 ,-23.277463086205 ,-12 ,-248 , 248.290152845416 
 30475 , 19554.9729403964 ,-23.3348239658051 ,-12 ,-246 , 246.292509021285 
 30650 , 19512.9371695071 ,-23.6089586693519 ,-13 ,-246 , 246.343256453267 
 30825 , 19522.9034906769 ,-23.9526726951058 ,-14 ,-246 , 246.398051940351 
 31000 , 19366.9732386292 ,-23.5026656893975 ,-12 ,-249 , 249.288988926507 
 31175 , 19627.3961326482 ,-23.6979797089163 ,-11 ,-245 , 245.246814454337 
 31350 , 19453.9563317953 ,-24.1832820163198 ,-14 ,-247 , 247.396442981705 
 31525 , 19180.4636956737 ,-24.5044054493926 ,-15 ,-251 , 251.447807705695 
 31700 , 19483.0876028449 ,-24.3063864431604 ,-13 ,-247 , 247.341868675726 
 31875 , 19441.3565398773 ,-24.4823078120636 ,-13 ,-247 , 247.341868675726 
 32050 , 19284.2925509184 ,-24.972327844502 ,-15 ,-249 , 249.451398071849 
 32225 , 19168.6912270275 ,-24.8062087537938 ,-14 ,-251 , 251.390135049091 
 32400 , 19081.2282083702 ,-24.9648888063547 ,-15 ,-252 , 252.446033836937 
 32575 , 19032.6618690875 ,-24.7045618028481 ,-12 ,-253 , 253.284425103479 
 32750 , 19198.4991448881 ,-25.3466027394853 ,-14 ,-251 , 251.390135049091 
 32925 , 19093.6539698551 ,-24.9252947019825 ,-12 ,-252 , 252.285552499544 
 33100 , 19433.0389825822 ,-25.6703380126121 ,-15 ,-248 , 248.453214911782 
 33275 , 18866.5915980177 ,-25.3109518339436 ,-14 ,-254 , 254.385534179914 
 33450 , 18967.6725873208 ,-25.6771092541895 ,-14 ,-253 , 253.387055707272 
 33625 , 19082.4723022564 ,-25.6342659138168 ,-13 ,-253 , 253.333771929445 
 33800 , 18873.8573059422 ,-25.2078665256643 ,-11 ,-256 , 256.236219141635 
 33975 , 19081.4381851078 ,-24.7522889868579 ,-7 ,-253 , 253.096819418973 
 34150 , 19316.8935445663 ,-25.3858542373949 ,-9 ,-249 , 249.162597514153 
 34325 , 19269.1457793634 ,-25.608061808693 ,-10 ,-249 , 249.20072231035 
 34500 , 19123.679922181 ,-26.2495402324976 ,-13 ,-251 , 251.336427920825 
 34675 , 19033.608629391 ,-26.5428607336574 ,-14 ,-252 , 252.388589282479 
 34850 , 18911.5997413491 ,-26.4569686080793 ,-13 ,-254 , 254.332459587839 
 35025 , 18963.1040532646 ,-27.224121194578 ,-16 ,-253 , 253.505424005089 
 35200 , 18996.7559008775 ,-26.337160283896 ,-11 ,-253 , 253.239017530869 
 35375 , 19122.1433847936 ,-27.517125711285 ,-16 ,-252 , 252.507425633386 
 35550 , 19096.0778202518 ,-26.177838592577 ,-10 ,-253 , 253.197551330972 
 35725 , 18882.701471448 ,-26.9464177277039 ,-12 ,-255 , 255.282196794058 
 35900 , 18926.1832266572 ,-26.6477864588592 ,-11 ,-254 , 254.238077399905 
 36075 , 18847.8093815514 ,-28.246082558549 ,-16 ,-254 , 254.503438090726 
 36250 , 18984.1665184046 ,-27.2285370498493 ,-12 ,-253 , 253.284425103479 
 36425 , 18912.6215426013 ,-27.6301705782441 ,-13 ,-254 , 254.332459587839 
 36600 , 18894.7627250792 ,-27.6550816235 ,-13 ,-254 , 254.332459587839 
 36775 , 18880.5563963583 ,-27.455011144223 ,-12 ,-254 , 254.283306569661 
 36950 , 18897.5250346249 ,-27.8635919603586 ,-13 ,-255 , 255.331157519015 
 37125 , 19035.8315122091 ,-28.0983228486368 ,-13 ,-253 , 253.333771929445 
 37300 , 18425.8792020142 ,-28.311907883019 ,-14 ,-260 , 260.376650258813 
 37475 , 18919.9374901163 ,-27.6553875211034 ,-11 ,-255 , 255.237144632203 
 37650 , 18874.9467076318 ,-28.553009821556 ,-13 ,-255 , 255.331157519015 
 37825 , 18755.0554543587 ,-27.9699473278806 ,-10 ,-257 , 257.194478945408 
 38000 , 18575.7002031563 ,-28.0044419086933 ,-10 ,-259 , 259.192978299953 
 38175 , 18845.4434371169 ,-28.422479197116 ,-11 ,-255 , 255.237144632203 
 38350 , 18812.3292941732 ,-28.8433362480729 ,-13 ,-255 , 255.331157519015 
 38525 , 18449.7524673841 ,-29.4292982057116 ,-15 ,-261 , 261.430679148412 
 38700 , 18682.9736682695 ,-29.0610816592044 ,-13 ,-257 , 257.32858372128 
 38875 , 18551.0261900415 ,-28.8715105008681 ,-12 ,-259 , 259.277843249283 
 39050 , 18565.6667164365 ,-29.5604437762903 ,-15 ,-259 , 259.433999313891 
 39225 , 18517.6863404616 ,-29.5524133277372 ,-14 ,-259 , 259.378102391085 
 39400 , 18634.3368384795 ,-29.1129135307627 ,-11 ,-258 , 258.234389654051 
 39575 , 18403.8276823721 ,-29.3781191406438 ,-11 ,-261 , 261.23169792351 
 39750 , 18460.0663830388 ,-30.1334069471399 ,-15 ,-260 , 260.432332862108 
 39925 , 18367.7715334494 ,-29.8756220611611 ,-14 ,-261 , 261.37520922995 
 40100 , 18240.8751933739 ,-29.8216351014784 ,-13 ,-263 , 263.321096762109 
 40275 , 18317.9290782177 ,-30.0323376799439 ,-13 ,-263 , 263.321096762109 
 40450 , 17788.18946873 ,-28.9541012165748 ,-9 ,-270 , 270.149958356465 
 40625 , 18317.3406237855 ,-29.9432365656045 ,-11 ,-263 , 263.229937507116 
 40800 , 18385.2511784547 ,-29.7287109638571 ,-9 ,-262 , 262.154534578367 
 40975 , 18424.3490958597 ,-30.1496994739711 ,-11 ,-261 , 261.23169792351 
 41150 , 18267.6754546805 ,-30.159095634261 ,-11 ,-263 , 263.229937507116 
 41325 , 18300.1554792056 ,-30.5869957189294 ,-12 ,-263 , 263.273621922136 
 41500 , 18356.0239665433 ,-30.3165426987016 ,-9 ,-262 , 262.154534578367 
 41675 , 18192.8056059802 ,-30.0741645788423 ,-8 ,-265 , 265.120727216866 
 41850 , 18263.0184809822 ,-30.213447616846 ,-8 ,-264 , 264.121184307507 
 42025 , 18344.4056265455 ,-30.3926895816289 ,-8 ,-262 , 262.122108949245 
 42200 , 18267.2014277271 ,-31.0387490538627 ,-11 ,-263 , 263.229937507116 
 42375 , 18329.2257803004 ,-31.1287590341784 ,-11 ,-262 , 262.230814360174 
 42550 , 17888.8256391545 ,-30.4385228058691 ,-9 ,-268 , 268.151076820512 
 42725 , 18045.4097324457 ,-31.5218057018494 ,-12 ,-266 , 266.270539113887 
 42900 , 18066.5425716971 ,-31.4110589892354 ,-11 ,-266 , 266.227346454116 
 43075 , 18059.2743643712 ,-30.9278004302274 ,-8 ,-266 , 266.120273560659 
 43250 , 18157.5930945976 ,-31.4410516225303 ,-10 ,-265 , 265.188612123522 
 43425 , 18072.4279748389 ,-31.8101086482259 ,-11 ,-266 , 266.227346454116 
 43600 , 17970.3376886906 ,-31.5207913356097 ,-9 ,-268 , 268.151076820512 
 43775 , 18023.4412755352 ,-31.3430055285314 ,-8 ,-267 , 267.119823300331 
 43950 , 18035.5245459485 ,-32.216109598064 ,-10 ,-266 , 266.187903556867 
 44125 , 18065.7823978333 ,-31.8075298331488 ,-8 ,-266 , 266.120273560659 
 44300 , 17958.6261497317 ,-32.5038822729707 ,-11 ,-267 , 267.226495692325 
 44475 , 18023.1006757708 ,-32.7277368089949 ,-12 ,-266 , 266.270539113887 
 44650 , 18017.5233464809 ,-32.2512863506462 ,-9 ,-267 , 267.151642330718 
 44825 , 18021.9295688836 ,-32.7312138038956 ,-11 ,-267 , 267.226495692325 
 45000 , 17852.1240830432 ,-32.6428802696357 ,-10 ,-269 , 269.185809432815 
 45175 , 17817.6733852407 ,-33.2619970549169 ,-12 ,-269 , 269.267524963557 
 45350 , 17940.2427361994 ,-32.5442276901791 ,-9 ,-269 , 269.150515511303 
 45525 , 17770.4401368921 ,-32.4637895372907 ,-7 ,-271 , 271.090390829332 
 45700 , 17887.9649183347 ,-32.8509232730583 ,-8 ,-269 , 269.118932815958 
 45875 , 17657.9113038782 ,-32.5504397666046 ,-7 ,-272 , 272.090058620303 
 46050 , 17843.7199908978 ,-33.0764667693438 ,-8 ,-269 , 269.118932815958 
 46225 , 17826.9437920989 ,-34.0103737928775 ,-12 ,-268 , 268.268522193715 
 46400 , 17751.3746332464 ,-33.6072923848087 ,-10 ,-270 , 270.185121722126 
 46575 , 17793.632892017 ,-33.9404845672902 ,-11 ,-270 , 270.223981171176 
 46750 , 17594.9157708031 ,-33.7873069363329 ,-10 ,-273 , 273.183088788453 
 46925 , 17667.5252593558 ,-33.5068934799529 ,-8 ,-272 , 272.117621627119 
 47100 , 17736.4884225474 ,-33.6457606932389 ,-8 ,-271 , 271.118055466618 
 47275 , 17661.4679817882 ,-33.5933262084542 ,-7 ,-272 , 272.090058620303 
 47450 , 17484.1908500154 ,-34.0879485068666 ,-10 ,-275 , 275.18175811634 
 47625 , 17544.6216166384 ,-33.9745461087635 ,-8 ,-274 , 274.116763442151 
 47800 , 17657.8723587771 ,-34.5721349053485 ,-10 ,-272 , 272.183761455381 
 47975 , 17358.8463979067 ,-34.088943545552 ,-8 ,-277 , 277.115499386086 
 48150 , 17526.5872789009 ,-34.4362828706796 ,-8 ,-274 , 274.116763442151 
 48325 , 17462.9082229649 ,-34.4302048714443 ,-8 ,-275 , 275.116339027692 
 48500 , 17529.055482287 ,-34.7777123126143 ,-9 ,-274 , 274.147770372112 
 48675 , 17423.8054189683 ,-34.6566903094601 ,-8 ,-276 , 276.115917686757 
 48850 , 17350.4143570495 ,-34.8155411985756 ,-8 ,-277 , 277.115499386086 
 49025 , 17341.7101533334 ,-34.7738893929343 ,-7 ,-277 , 277.088433537021 
 49200 , 17387.6622201386 ,-35.0193554474985 ,-8 ,-276 , 276.115917686757 
 49375 , 17347.7812675545 ,-35.4518524718767 ,-9 ,-277 , 277.14617081966 
 49550 , 17344.6718461807 ,-35.3278286440288 ,-8 ,-277 , 277.115499386086 
 49725 , 17756.7630865335 ,-35.1642658833322 ,-7 ,-272 , 272.090058620303 
 49900 , 17119.3824808398 ,-35.3266445864869 ,-8 ,-280 , 280.114262400186 
 50075 , 17240.0388697547 ,-35.096637930659 ,-5 ,-279 , 279.044799270655 
 50250 , 17384.3551698975 ,-34.3701967791578 ,-2 ,-276 , 276.007246281687 
 50425 , 17256.1440807602 ,-35.4066886445764 ,-6 ,-278 , 278.064740663033 
 50600 , 17276.3683918575 ,-35.5053677705242 ,-6 ,-278 , 278.064740663033 
 50775 , 17235.5621281171 ,-35.8141216721998 ,-6 ,-279 , 279.064508671382 
 50950 , 17145.851856766 ,-35.6729025736381 ,-5 ,-280 , 280.044639298809 
 51125 , 16883.2936808053 ,-35.7618874483018 ,-6 ,-284 , 284.063373210979 
 51300 , 17207.2748881726 ,-36.0969236777555 ,-6 ,-279 , 279.064508671382 
 51475 , 17096.2250377418 ,-35.9332577363643 ,-5 ,-281 , 281.044480465282 
 51650 , 17086.2946870182 ,-36.303198610224 ,-6 ,-281 , 281.064049639935 
 51825 , 17089.160659544 ,-36.3143789611215 ,-5 ,-281 , 281.044480465282 
 52000 , 17125.2257814685 ,-36.1733073214833 ,-4 ,-281 , 281.028468308817 
 52175 , 17326.7139273411 ,-36.4768606073335 ,-6 ,-278 , 278.064740663033 
 52350 , 16869.6814980649 ,-36.397325790409 ,-5 ,-285 , 285.043856274785 
 52525 , 17060.2564584285 ,-36.87420335172 ,-6 ,-282 , 282.063822565036 
 52700 , 16898.4412987629 ,-36.7683238902256 ,-5 ,-284 , 284.044010674402 
 52875 , 17019.1229510172 ,-37.2638032251426 ,-6 ,-283 , 283.063597094363 
 53050 , 16970.9371247636 ,-37.0351762485331 ,-5 ,-283 , 283.044166164929 
 53225 , 16974.6025730671 ,-37.0475895885593 ,-4 ,-283 , 283.028267139521 
 53400 , 16862.8676093551 ,-36.9722894245077 ,-3 ,-285 , 285.015789036327 
 53575 , 16796.564068677 ,-37.1369369935393 ,-3 ,-286 , 286.015733832948 
 53750 , 16967.846273884 ,-37.1077654776067 ,-2 ,-283 , 283.00706704957 
 53925 , 17025.7651746485 ,-37.7186312297865 ,-5 ,-282 , 282.044322757967 
 54100 , 16914.2738977964 ,-37.3695294643387 ,-3 ,-283 , 283.015900613375 
 54275 , 16903.2710501126 ,-37.5932882375607 ,-4 ,-284 , 284.028167617228 
 54450 , 16846.9298396419 ,-37.73669729576 ,-4 ,-284 , 284.028167617228 
 54625 , 16810.1742895472 ,-37.4274338998267 ,-2 ,-285 , 285.007017457465 
 54800 , 16724.8639944943 ,-37.3679465389872 ,-1 ,-287 , 287.001742154991 
 54975 , 16879.2553804231 ,-38.1787798050397 ,-4 ,-284 , 284.028167617228 
 55150 , 16776.1842754461 ,-38.6869824064427 ,-6 ,-285 , 285.063150898183 
 55325 , 16737.5171522035 ,-38.9779519488557 ,-7 ,-286 , 286.085651510173 
 55500 , 16522.8105643387 ,-38.527194291944 ,-5 ,-290 , 290.043100245464 
 55675 , 16224.3583660503 ,-38.5257934153574 ,-6 ,-295 , 295.061010640173 
 55850 , 16397.3638019955 ,-38.1196458650016 ,-2 ,-293 , 293.006825859057 
 56025 , 16609.2656153171 ,-38.5436748534388 ,-2 ,-289 , 289.006920332369 
 56200 , 16393.0868686598 ,-38.5390662384814 ,-1 ,-294 , 294.001700675353 
 56375 , 16538.4396833183 ,-38.5792016483763 ,-2 ,-290 , 290.006896469722 
 56550 , 16564.8663416914 ,-38.8873053461872 ,-2 ,-290 , 290.006896469722 
 56725 , 16510.4538080966 ,-38.0484269623117 , 3 ,-290 , 290.015516826255 
 56900 , 16380.793723083 ,-39.4578729909347 ,-4 ,-294 , 294.027209625232 
 57075 , 16600.5322612223 ,-39.1775436510032 ,-2 ,-289 , 289.006920332369 
 57250 , 16305.2526235103 ,-38.6235873551078 , 1 ,-294 , 294.001700675353 
 57425 , 16489.825297685 ,-39.2762712423998 ,-1 ,-291 , 291.001718207986 
 57600 , 16372.3597639422 ,-39.051840863206 , 1 ,-293 , 293.001706479672 
 57775 , 16391.6111334542 ,-39.6192547096209 ,-1 ,-293 , 293.001706479672 
 57950 , 16557.4149234379 ,-39.4695652389323 ,-1 ,-291 , 291.001718207986 
 58125 , 16388.9973327738 ,-39.1165840407079 , 2 ,-293 , 293.006825859057 
 58300 , 16318.2465519674 ,-309.629723915611 , 0 ,-294 , 294 
 58475 , 16269.3678362219 ,-309.843783564479 , 0 ,-295 , 295 
 58650 , 16266.8573186619 ,-39.5394271108427 , 2 ,-295 , 295.006779583114 
 58825 , 16733.5643932042 ,-44.0340943843951 ,-18 ,-286 , 286.565873753314 
 59000 , 16241.1573978057 ,-39.8103980578082 , 1 ,-295 , 295.001694910385 
 59175 , 16180.2987647142 ,-310.2574332705 , 0 ,-296 , 296 
 59350 , 16180.2987647142 ,-310.2574332705 , 0 ,-296 , 296 
 59525 , 16104.279972446 ,-310.394100962664 , 0 ,-298 , 298 
 59700 , 16141.3969370793 ,-39.7382758097104 , 4 ,-299 , 299.026754655833 
 59875 , 16141.9898443344 ,-39.7821389789694 , 5 ,-298 , 298.041943356971 
 60050 , 16171.6581595155 ,-40.0496252914633 , 4 ,-297 , 297.026934805583 
 60225 , 16233.1211661611 ,-40.066770492631 , 5 ,-296 , 296.042226717744 
 60400 , 16088.6998263729 ,-40.2988693156431 , 4 ,-298 , 298.026844428484 
 60575 , 16044.933271345 ,-40.6223048745897 , 3 ,-299 , 299.015049788468 
 60750 , 16054.4193237652 ,-40.7514184017702 , 3 ,-299 , 299.015049788468 
 60925 , 15959.6172022367 ,-40.5255357750158 , 4 ,-301 , 301.026576899781 
 61100 , 16060.6943885293 ,-39.8756976391622 , 9 ,-300 , 300.134969638661 
 61275 , 16026.0218944068 ,-40.6510400805612 , 6 ,-300 , 300.0599940012 
 61450 , 16065.8512300487 ,-40.7711400214789 , 6 ,-299 , 299.060194609714 
 61625 , 15758.2921496386 ,-40.6637830292523 , 7 ,-303 , 303.080847299858 
 61800 , 16027.3625002599 ,-40.9753379909317 , 6 ,-299 , 299.060194609714 
 61975 , 15817.051119051 ,-40.9060975082638 , 6 ,-303 , 303.059400118195 
 62150 , 15772.0058149644 ,-41.7382429491726 , 2 ,-303 , 303.006600588172 
 62325 , 15983.5809512413 ,-41.65847472287 , 4 ,-300 , 300.026665481587 
 62500 , 15916.4184734521 ,-41.5955055231507 , 5 ,-301 , 301.041525374823 
 62675 , 15948.0420154249 ,-41.3468191877113 , 7 ,-301 , 301.081384346492 
 62850 , 15841.0097043004 ,-41.524241771528 , 7 ,-303 , 303.080847299858 
 63025 , 15817.695555777 ,-41.5210678969589 , 7 ,-303 , 303.080847299858 
 63200 , 15827.6262490726 ,-41.3758719768697 , 8 ,-303 , 303.105592162203 
 63375 , 15729.0832003063 ,-42.0053113872692 , 6 ,-304 , 304.059204761178 
 63550 , 15790.4177380628 ,-41.9408659443405 , 7 ,-303 , 303.080847299858 
 63725 , 15720.0667170445 ,-41.8078533671703 , 8 ,-305 , 305.104899993428 
 63900 , 15730.6637110589 ,-41.9356630166465 , 8 ,-305 , 305.104899993428 
 64075 , 15668.0930280768 ,-42.2532218953811 , 7 ,-306 , 306.080054887606 
 64250 , 15730.0765569396 ,-41.9727267443703 , 10 ,-304 , 304.164429215515 
 64425 , 15611.5131599575 ,-41.737279397936 , 12 ,-306 , 306.235203724196 
 64600 , 15764.687339505 ,-42.4215731514199 , 7 ,-305 , 305.08031729366 
 64775 , 15475.3736263927 ,-42.0878546995901 , 10 ,-309 , 309.161769952237 
 64950 , 15534.2017476395 ,-42.7575465656554 , 8 ,-309 , 309.103542522566 
 65125 , 15598.9725447009 ,-42.6865553862771 , 9 ,-307 , 307.131893492031 
 65300 , 15578.8285818995 ,-42.6170650447061 , 11 ,-308 , 308.196365974682 
 65475 , 15645.8169775405 ,-42.645243965667 , 11 ,-306 , 306.19764858666 
 65650 , 15581.7280581121 ,-42.3384134152367 , 12 ,-307 , 307.234438173848 
 65825 , 15547.4552953001 ,-43.1993950250385 , 9 ,-308 , 308.131465449408 
 66000 , 15513.0118370945 ,-43.2414919336806 , 9 ,-308 , 308.131465449408 
 66175 , 15457.086325421 ,-43.2368967165102 , 10 ,-310 , 310.161248385416 
 66350 , 15548.7130490678 ,-43.0751641250895 , 11 ,-307 , 307.197005193736 
 66525 , 15345.4467967834 ,-43.3613496201583 , 11 ,-312 , 312.193850035519 
 66700 , 15423.2136648145 ,-43.5335090263422 , 10 ,-310 , 310.161248385416 
 66875 , 15408.0230420219 ,-43.665355560466 , 10 ,-311 , 311.160730170116 
 67050 , 15406.8215189045 ,-43.6503306393398 , 11 ,-311 , 311.194472958631 
 67225 , 15398.555373871 ,-42.9147028581272 , 15 ,-311 , 311.361526203865 
 67400 , 15379.1031388621 ,-43.3533775880783 , 14 ,-311 , 311.314953062008 
 67575 , 15381.6316366353 ,-43.6218691893212 , 13 ,-311 , 311.271585596887 
 67750 , 15331.1642443871 ,-43.6154363742906 , 14 ,-312 , 312.313944613429 
 67925 , 15227.5822413662 ,-44.0522033623897 , 11 ,-314 , 314.192616081282 
 68100 , 15261.2689897367 ,-43.8795230311277 , 14 ,-313 , 313.312942598929 
 68275 , 15294.8324728263 ,-43.8340760484343 , 14 ,-313 , 313.312942598929 
 68450 , 15332.2952368342 ,-43.9396599474649 , 15 ,-312 , 312.360368805007 
 68625 , 15208.1344680098 ,-43.6803509365993 , 17 ,-314 , 314.459854353461 
 68800 , 15180.7048593987 ,-44.4570708190845 , 13 ,-315 , 315.268139842896 
 68975 , 15143.6148206652 ,-43.8268144747603 , 17 ,-317 , 317.455508693738 
 69150 , 15185.4438474991 ,-44.0256795501824 , 17 ,-315 , 315.458396623073 
 69325 , 15099.5482386974 ,-43.4955873524481 , 21 ,-318 , 318.692641898115 
 69500 , 14867.7213909513 ,-44.8780532672556 , 14 ,-321 , 321.30515090798 
 69675 , 15229.0424673298 ,-44.5798964255219 , 16 ,-314 , 314.407379048266 
 69850 , 14985.9528354798 ,-44.2673376851023 , 18 ,-319 , 319.507433403356 
 70025 , 15114.0488901584 ,-45.1332497772053 , 14 ,-317 , 317.308997666313 
 70200 , 15219.3161696587 ,-44.7086223903071 , 16 ,-314 , 314.407379048266 
 70375 , 15099.7727004413 ,-44.8897770268302 , 17 ,-317 , 317.455508693738 
 70550 , 15019.5457256505 ,-44.9377809563571 , 18 ,-318 , 318.509026559688 
 70725 , 15056.2776980329 ,-44.9722408011608 , 18 ,-317 , 317.510629743321 
 70900 , 14994.2349806512 ,-45.5262802889469 , 15 ,-318 , 318.353577017756 
 71075 , 15144.8512085269 ,-45.9629136995853 , 12 ,-314 , 314.229215700896 
 71250 , 14942.687042015 ,-45.3453547037595 , 17 ,-320 , 320.451244341475 
 71425 , 14886.1185965583 ,-45.3906101814133 , 18 ,-321 , 321.504276798925 
 71600 , 14975.2295612983 ,-45.2757792101161 , 19 ,-320 , 320.563566239209 
 71775 , 14851.8724489069 ,-45.4315579690926 , 19 ,-322 , 322.560071924595 
 71950 , 14868.0986847252 ,-45.7237723713311 , 19 ,-322 , 322.560071924595 
 72125 , 14970.6793434207 ,-45.4800033396675 , 20 ,-319 , 319.626344346019 
 72300 , 14789.1604195399 ,-45.6931921296181 , 20 ,-323 , 323.618602679141 
 72475 , 14766.1126712763 ,-45.6073141352599 , 21 ,-323 , 323.681942653587 
 72650 , 14766.4436022694 ,-45.5997214564078 , 22 ,-323 , 323.748359069201 
 72825 , 14579.0915243792 ,-46.5116007606465 , 19 ,-328 , 328.549844011529 
 73000 , 14785.5497618531 ,-45.8938750607605 , 22 ,-322 , 322.75067776846 
 73175 , 14894.9752435809 ,-46.3459079542055 , 20 ,-321 , 321.622449465208 
 73350 , 14653.3917491779 ,-46.0990032397527 , 22 ,-325 , 325.743764330186 
 73525 , 14733.8097845759 ,-46.2026132782612 , 22 ,-324 , 324.746054633463 
 73700 , 14661.001692025 ,-45.9533156044648 , 24 ,-326 , 326.882241793585 
 73875 , 14651.8404848584 ,-45.9929261888934 , 25 ,-326 , 326.957183741235 
 74050 , 14701.2839019448 ,-46.2459510591243 , 23 ,-325 , 325.812829704418 
 74225 , 14643.1180853292 ,-46.6033360651437 , 23 ,-326 , 326.810342553598 
 74400 , 14601.104012523 ,-46.1250913575645 , 27 ,-327 , 328.112785486942 
 74575 , 14592.8829469348 ,-46.2613766384018 , 26 ,-327 , 328.032010633109 
 74750 , 14567.4822893165 ,-46.5749564652702 , 25 ,-327 , 327.954265104145 
 74925 , 14641.3115649676 ,-46.8959869335062 , 24 ,-326 , 326.882241793585 
 75100 , 14619.5853687403 ,-47.463217166746 , 22 ,-327 , 327.739225604748 
 75275 , 14494.1921091275 ,-47.1960231402916 , 24 ,-329 , 329.874218453034 
 75450 , 14375.7011194781 ,-47.1896814067129 , 25 ,-331 , 331.942766151034 
 75625 , 14453.2755295815 ,-46.7330165148439 , 27 ,-329 , 330.106043567821 
 75800 , 14537.6584670864 ,-46.9990788372153 , 27 ,-328 , 329.109404301974 
 75975 , 14443.3120845644 ,-47.1586263469046 , 27 ,-330 , 331.102703099809 
 76150 , 14393.2345507938 ,-47.3039728290702 , 27 ,-331 , 332.099382715476 
 76325 , 14374.1155826699 ,-46.8323908906129 , 31 ,-331 , 332.448492251055 
 76500 , 14361.8700219044 ,-47.2739550444996 , 28 ,-331 , 332.182178931983 
 76675 , 14308.0191805264 ,-47.2424157400514 , 29 ,-333 , 334.260377550197 
 76850 , 14359.8697430439 ,-47.566832200354 , 28 ,-332 , 333.178630767341 
 77025 , 14337.8908376432 ,-47.4905033141195 , 29 ,-332 , 333.264159489136 
 77200 , 14326.1268590364 ,-47.8411850706328 , 28 ,-332 , 333.178630767341 
 77375 , 14294.509094206 ,-47.8051853893722 , 29 ,-333 , 334.260377550197 
 77550 , 14185.783234267 ,-48.0623867266806 , 29 ,-335 , 336.25288102855 
 77725 , 14229.3227599769 ,-47.6593648989879 , 31 ,-334 , 335.435537771417 
 77900 , 14514.8857087199 ,-47.787339220124 , 31 ,-330 , 331.452862410328 
 78075 , 14198.1955103669 ,-47.9254499912637 , 32 ,-335 , 336.524887638344 
 78250 , 14153.5650072393 ,-47.8660972148191 , 32 ,-335 , 336.524887638344 
 78425 , 14190.3782344948 ,-47.2066235682802 , 36 ,-334 , 335.93451742862 
 78600 , 14195.5598921889 ,-48.1413875998348 , 32 ,-335 , 336.524887638344 
 78775 , 14210.0653964737 ,-47.7881107137809 , 35 ,-335 , 336.823395861986 
 78950 , 14093.733605312 ,-48.1856988956776 , 33 ,-337 , 338.611872207694 
 79125 , 14030.3402072905 ,-48.5052057825114 , 32 ,-339 , 340.506974965271 
 79300 , 14034.1535317484 ,-48.672772956813 , 31 ,-339 , 340.414453277178 
 79475 , 14105.9614440492 ,-48.0513594020102 , 36 ,-337 , 338.91739406528 
 79650 , 14117.0042423257 ,-48.0107941893741 , 37 ,-336 , 338.031063661315 
 79825 , 14034.8049908733 ,-48.8771683377695 , 32 ,-340 , 341.502562215864 
 80000 , 13773.7089063903 ,-48.8910519043771 , 33 ,-347 , 348.565632270309 
 80175 , 14048.1390753867 ,-48.382500395913 , 37 ,-338 , 340.019117109612 
 80350 , 13985.3978586431 ,-48.620649329263 , 37 ,-340 , 342.0073098634 
 80525 , 14066.7349084619 ,-48.8842152256858 , 36 ,-338 , 339.911753253694 
 80700 , 13915.9325751149 ,-48.9891654357778 , 36 ,-342 , 343.88951714177 
 80875 , 13786.0473312162 ,-48.9404596837788 , 38 ,-344 , 346.092473191776 
 81050 , 14047.1211836894 ,-48.43061328797 , 40 ,-338 , 340.35863438438 
 81225 , 13916.967461626 ,-48.8372034760217 , 39 ,-341 , 343.222959604977 
 81400 , 13904.0310358477 ,-48.720779821601 , 40 ,-341 , 343.3380258579 
 81575 , 13861.8225589088 ,-48.5767029037291 , 42 ,-342 , 344.569296368669 
 81750 , 13879.0045384448 ,-49.0736886459515 , 40 ,-342 , 344.331235876155 
 81925 , 13852.1360030321 ,-49.3029593085031 , 38 ,-342 , 344.104635249222 
 82100 , 13852.7737782605 ,-49.058975412131 , 42 ,-342 , 344.569296368669 
 82275 , 13833.067160954 ,-49.0629261520339 , 42 ,-343 , 345.56186132153 
 82450 , 13896.7544710202 ,-49.1219260874828 , 42 ,-341 , 343.576774535183 
 82625 , 13799.9168863582 ,-49.1810136416582 , 43 ,-343 , 345.684827552498 
 82800 , 13808.0100221658 ,-49.347464059886 , 43 ,-343 , 345.684827552498 
 82975 , 13779.0884011559 ,-49.3334581045259 , 44 ,-343 , 345.810641825841 
 83150 , 13778.909286125 ,-49.9937819172895 , 40 ,-344 , 346.317773150614 
 83325 , 13705.8213010003 ,-49.7556196821311 , 43 ,-345 , 347.669383178905 
 83500 , 13804.3462828668 ,-49.9434937140168 , 43 ,-341 , 343.700450974391 
 83675 , 13767.7631575089 ,-50.3939943686217 , 40 ,-344 , 346.317773150614 
 83850 , 13661.7783340962 ,-49.7498858019355 , 45 ,-346 , 348.914029525899 
 84025 , 13759.5516734563 ,-50.3632598378432 , 41 ,-344 , 346.434698031245 
 84200 , 13676.4585981443 ,-49.7057840442926 , 47 ,-346 , 349.177605238366 
 84375 , 13654.1957240515 ,-49.9374181938757 , 46 ,-346 , 349.044409781907 
 84550 , 13653.5571189498 ,-50.3513157188495 , 45 ,-347 , 349.905701582584 
 84725 , 13579.9376173711 ,-49.9057816634535 , 48 ,-348 , 351.294748039307 
 84900 , 13627.3120490375 ,-50.0489813414746 , 48 ,-347 , 350.304153558019 
 85075 , 13643.1999100748 ,-50.1793140256037 , 48 ,-346 , 349.313612674914 
 85250 , 13640.248685391 ,-50.3131703402865 , 48 ,-346 , 349.313612674914 
 85425 , 13618.3140870261 ,-50.5463818737229 , 47 ,-346 , 349.177605238366 
 85600 , 13455.0950702703 ,-50.3123769280499 , 49 ,-350 , 353.413355718201 
 85775 , 13471.0652882391 ,-50.3490877030185 , 50 ,-350 , 353.553390593274 
 85950 , 13528.9920808104 ,-51.067274196793 , 46 ,-351 , 354.001412426561 
 86125 , 13460.9114365015 ,-50.2617064906739 , 52 ,-349 , 352.852660468927 
 86300 , 13529.7571960556 ,-50.9697598602704 , 49 ,-348 , 351.432781624025 
 86475 , 13210.7928943631 ,-51.2632371251719 , 48 ,-355 , 358.230372804987 
 86650 , 13444.858463445 ,-51.3569491272595 , 47 ,-350 , 353.141614653385 
 86825 , 13279.9695459734 ,-51.1568216103014 , 49 ,-355 , 358.365734969179 
 87000 , 13281.0776049715 ,-50.7956803062999 , 52 ,-355 , 358.788238380246 
 87175 , 13375.5977867804 ,-51.0595213675841 , 52 ,-354 , 357.79882615794 
 87350 , 13343.272544751 ,-50.8977596582968 , 54 ,-354 , 358.094959473043 
 87525 , 13389.5169458357 ,-50.7688942290582 , 56 ,-352 , 356.426710559127 
 87700 , 13320.1231817555 ,-51.1871158555216 , 54 ,-354 , 358.094959473043 
 87875 , 13180.093008536 ,-50.7771968516128 , 57 ,-356 , 360.53432568897 
 88050 , 13421.2677432222 ,-50.2731219178336 , 58 ,-349 , 353.786658877918 
 88225 , 13268.3997972738 ,-51.1641022643712 , 56 ,-355 , 359.389760566436 
 88400 , 13149.2073360137 ,-51.4843576201095 , 57 ,-358 , 362.509310225269 
 88575 , 13300.4350676229 ,-51.1410259819425 , 58 ,-353 , 357.733140762776 
 88750 , 13244.8567190512 ,-51.0196592537181 , 60 ,-355 , 360.034720547894 
 88925 , 13177.7986347709 ,-51.4372343804784 , 58 ,-357 , 361.680798495027 
 89100 , 13230.5367262545 ,-51.3339249570448 , 59 ,-355 , 359.869420762587 
 89275 , 13253.0910021 ,-51.6987726097854 , 57 ,-354 , 358.559618473693 
 89450 , 13204.2795219611 ,-51.7328871641113 , 58 ,-356 , 360.693775937429 
 89625 , 13084.3058720444 ,-51.7060511586249 , 59 ,-359 , 363.815887503556 
 89800 , 12729.9589047421 ,-50.2698179321671 , 66 ,-367 , 372.887382462856 
 89975 , 13158.7258497721 ,-52.005313181506 , 59 ,-357 , 361.84250717681 
 90150 , 13192.1296316589 ,-52.1363993522731 , 59 ,-355 , 359.869420762587 
 90325 , 13248.3302792585 ,-52.3849337398177 , 58 ,-356 , 360.693775937429 
 90500 , 13007.5492757583 ,-52.0372008029 , 61 ,-360 , 365.131483167365 
 90675 , 13031.0901044122 ,-52.3021977294482 , 60 ,-360 , 364.965751817893 
 90850 , 12880.6672595847 ,-51.8921766918638 , 63 ,-364 , 369.411694454845 
 91025 , 13041.7149312302 ,-52.3184770753674 , 62 ,-360 , 365.299876813557 
 91200 , 12965.2858992394 ,-52.1454367750866 , 64 ,-362 , 367.613927918951 
 91375 , 13050.1620712164 ,-51.5270364172051 , 68 ,-359 , 365.383360321731 
 91550 , 12974.2830351274 ,-52.2587034113412 , 65 ,-361 , 366.805125373133 
 91725 , 13027.9773149563 ,-52.4861535401578 , 63 ,-360 , 365.470929076445 
 91900 , 12979.1962971793 ,-52.4017901176272 , 66 ,-361 , 366.983650861997 
 92075 , 12962.8524634867 ,-52.6105529433921 , 65 ,-362 , 367.789341879288 
 92250 , 12903.4914588015 ,-52.6456967771747 , 66 ,-363 , 368.951216287465 
 92425 , 12856.3698462774 ,-52.5034608401357 , 68 ,-364 , 370.29717795306 
 92600 , 12896.0512330596 ,-52.4842046412332 , 69 ,-363 , 369.499661704852 
 92775 , 12906.1105281877 ,-52.535628723822 , 69 ,-362 , 368.517299458248 
 92950 , 12865.7364155721 ,-52.7532616514294 , 69 ,-363 , 369.499661704852 
 93125 , 12919.7612544384 ,-53.7326132505049 , 64 ,-362 , 367.613927918951 
 93300 , 12862.5330602175 ,-53.1938700537722 , 67 ,-364 , 370.114847040753 
 93475 , 12926.8171091473 ,-53.0931861202471 , 68 ,-363 , 369.31422934948 
 93650 , 12745.9173915228 ,-53.0660679596637 , 70 ,-366 , 372.633868562695 
 93825 , 12858.4363942456 ,-52.7276624013554 , 72 ,-363 , 370.071614690995 
 94000 , 12745.5894453352 ,-53.0603169480837 , 72 ,-366 , 373.014745016869 
 94175 , 12779.9605117437 ,-53.2360343305059 , 71 ,-365 , 371.841364025037 
 94350 , 12728.1323971504 ,-53.2232771813596 , 72 ,-366 , 373.014745016869 
 94525 , 12583.9606891054 ,-53.3808876474788 , 73 ,-370 , 377.132602674444 
 94700 , 12680.5123662397 ,-53.5931589741612 , 71 ,-368 , 374.78660595064 
 94875 , 12665.7844730313 ,-52.9506932012926 , 76 ,-368 , 375.765884561119 
 95050 , 12660.7650507933 ,-53.1397173462063 , 76 ,-368 , 375.765884561119 
 95225 , 12668.288774966 ,-53.4237251510085 , 75 ,-368 , 375.564907838845 
 95400 , 12628.598311424 ,-53.3050778819112 , 76 ,-369 , 376.745272034036 
 95575 , 12632.2214721095 ,-53.3436461322232 , 77 ,-368 , 375.969413649568 
 95750 , 13036.9461803279 ,-54.0847932698458 , 76 ,-356 , 364.021977358511 
 95925 , 12583.5385566041 ,-53.239654069276 , 79 ,-370 , 378.339794364801 
 96100 , 12658.3480925456 ,-53.6632986843653 , 77 ,-368 , 375.969413649568 
 96275 , 12560.1319072092 ,-53.6219597514651 , 79 ,-369 , 377.361895267659 
 96450 , 12622.0142147041 ,-53.5157249441611 , 80 ,-368 , 376.595273470074 
 96625 , 12589.3458187924 ,-53.5479606668234 , 80 ,-369 , 377.572509592528 
 96800 , 12486.6205259508 ,-53.6311811809232 , 81 ,-372 , 380.716429905514 
 96975 , 12526.7567059305 ,-53.8131765278142 , 81 ,-371 , 379.739384315085 
 97150 , 12365.2619708524 ,-53.7091356405819 , 83 ,-374 , 383.099203862394 
 97325 , 12503.3863813992 ,-53.7635311876986 , 83 ,-371 , 380.171014150211 
 97500 , 12539.3268895682 ,-54.1362755680281 , 81 ,-370 , 378.76245854097 
 97675 , 12364.9704805074 ,-53.805856083858 , 86 ,-375 , 384.734973715674 
 97850 , 12449.2333671886 ,-54.1100609876938 , 84 ,-373 , 382.341470416171 
 98025 , 12532.8509256419 ,-54.2199491754344 , 83 ,-369 , 378.219512981549 
 98200 , 12387.0751854806 ,-54.609400594619 , 82 ,-374 , 382.883794381533 
 98375 , 12488.7274474357 ,-54.7500288312464 , 82 ,-372 , 380.930439844337 
 98550 , 12392.0007099018 ,-54.4200717861879 , 84 ,-374 , 383.317101105599 
 98725 , 12333.7231210885 ,-54.0066957458023 , 88 ,-375 , 385.186967588469 
 98900 , 12377.632948825 ,-55.2707106477166 , 83 ,-375 , 384.075513408496 
 99075 , 12327.7652096804 ,-54.3871618037995 , 88 ,-375 , 385.186967588469 
 99250 , 12281.9296257802 ,-54.5885875956898 , 88 ,-376 , 386.160588356709 
 99425 , 12257.5295073471 ,-54.4119015004612 , 90 ,-376 , 386.62126170194 
